{"stats":{"minecraft:picked_up":{"minecraft:spruce_log":7,"minecraft:dirt":1},"minecraft:used":{"minecraft:spruce_log":1,"minecraft:crafting_table":1},"minecraft:custom":{"minecraft:jump":7,"minecraft:time_since_rest":4054,"minecraft:sprint_one_cm":334,"minecraft:play_time":4054,"minecraft:time_since_death":4054,"minecraft:walk_one_cm":3120,"minecraft:total_world_time":4054,"minecraft:interact_with_crafting_table":1,"minecraft:fly_one_cm":75},"minecraft:crafted":{"minecraft:crafting_table":1,"minecraft:spruce_planks":12,"minecraft:stick":12},"minecraft:mined":{"minecraft:grass_block":1,"minecraft:spruce_leaves":8,"minecraft:spruce_log":7}},"DataVersion":3955}