{"stats":{"minecraft:picked_up":{"minecraft:spruce_sapling":1,"minecraft:sweet_berries":23,"minecraft:mutton":1,"minecraft:white_wool":1,"minecraft:dirt":4},"minecraft:mined":{"minecraft:sweet_berry_bush":12,"minecraft:spruce_leaves":6,"minecraft:grass_block":1,"minecraft:fern":3},"minecraft:used":{"minecraft:sweet_berries":5},"minecraft:custom":{"minecraft:jump":94,"minecraft:time_since_rest":5190,"minecraft:damage_taken":70,"minecraft:damage_dealt":62,"minecraft:sprint_one_cm":6761,"minecraft:play_time":5190,"minecraft:walk_on_water_one_cm":816,"minecraft:time_since_death":5190,"minecraft:walk_one_cm":26495,"minecraft:sneak_time":5,"minecraft:total_world_time":5190,"minecraft:fall_one_cm":1103,"minecraft:fly_one_cm":2386}},"DataVersion":3955}