{"stats":{"minecraft:broken":{"minecraft:iron_shovel":16,"minecraft:stone_pickaxe":11,"minecraft:iron_axe":1,"minecraft:stone_axe":1,"minecraft:iron_pickaxe":6,"minecraft:wooden_hoe":3,"minecraft:stone_shovel":10},"minecraft:custom":{"minecraft:mob_kills":23,"minecraft:interact_with_crafting_table":30,"minecraft:leave_game":3,"minecraft:time_since_death":503354,"minecraft:climb_one_cm":1867,"minecraft:sprint_one_cm":603016,"minecraft:walk_one_cm":1369401,"minecraft:drop":76,"minecraft:play_time":503354,"minecraft:sneak_time":441,"minecraft:walk_under_water_one_cm":22584,"minecraft:boat_one_cm":290743,"minecraft:jump":3680,"minecraft:walk_on_water_one_cm":43951,"minecraft:total_world_time":503354,"minecraft:interact_with_furnace":30,"minecraft:sleep_in_bed":35,"minecraft:time_since_rest":3778,"minecraft:damage_taken":878,"minecraft:damage_dealt":2081,"minecraft:swim_one_cm":58525,"minecraft:fly_one_cm":312108,"minecraft:open_chest":126,"minecraft:crouch_one_cm":580,"minecraft:fall_one_cm":65534,"minecraft:horse_one_cm":2280},"minecraft:mined":{"minecraft:dark_oak_planks":15,"minecraft:farmland":2,"minecraft:pink_bed":20,"minecraft:dark_oak_leaves":12,"minecraft:dark_oak_log":108,"minecraft:cave_vines_plant":2,"minecraft:granite":330,"minecraft:grass_block":3166,"minecraft:jungle_log":26,"minecraft:brown_mushroom_block":2,"minecraft:polished_diorite":87,"minecraft:spruce_leaves":1,"minecraft:iron_ore":12,"minecraft:pumpkin":24,"minecraft:peony":1,"minecraft:cave_vines":11,"minecraft:vine":9,"minecraft:bamboo_sapling":19,"minecraft:bamboo":37,"minecraft:stone":3880,"minecraft:polished_granite":41,"minecraft:clay":3,"minecraft:crafting_table":2,"minecraft:torch":1,"minecraft:short_grass":119,"minecraft:poppy":1,"minecraft:mushroom_stem":3,"minecraft:tall_grass":12,"minecraft:copper_ore":13,"minecraft:cobblestone":29,"minecraft:sugar_cane":1,"minecraft:oak_planks":1,"minecraft:diorite":336,"minecraft:wall_torch":6,"minecraft:birch_planks":1,"minecraft:coarse_dirt":6,"minecraft:birch_log":20,"minecraft:wheat":66,"minecraft:lilac":1,"minecraft:birch_leaves":5,"minecraft:black_bed":1,"minecraft:oak_log":45,"minecraft:coal_ore":168,"minecraft:cocoa":4,"minecraft:dark_oak_sapling":1,"minecraft:gravel":4,"minecraft:dirt":2446,"minecraft:red_mushroom_block":8,"minecraft:oak_leaves":17},"minecraft:used":{"minecraft:stone_sword":2,"minecraft:iron_shovel":4091,"minecraft:tropical_fish":1,"minecraft:stone_shovel":1339,"minecraft:cooked_salmon":4,"minecraft:cooked_chicken":1,"minecraft:torch":20,"minecraft:dirt":154,"minecraft:polished_diorite":186,"minecraft:iron_hoe":152,"minecraft:dark_oak_planks":15,"minecraft:iron_axe":301,"minecraft:jungle_log":5,"minecraft:bamboo":115,"minecraft:light_gray_wool":1,"minecraft:beef":2,"minecraft:dark_oak_boat":3,"minecraft:furnace":1,"minecraft:beetroot_seeds":1,"minecraft:cooked_beef":10,"minecraft:dark_oak_sapling":2,"minecraft:wheat_seeds":26,"minecraft:cooked_mutton":8,"minecraft:diorite":1,"minecraft:stone_pickaxe":1420,"minecraft:oak_planks":1,"minecraft:crafting_table":3,"minecraft:oak_log":3,"minecraft:wooden_hoe":177,"minecraft:diamond_pickaxe":1982,"minecraft:dark_oak_log":1,"minecraft:chicken":2,"minecraft:iron_pickaxe":1685,"minecraft:polished_granite":637,"minecraft:gravel":16,"minecraft:stone_axe":181,"minecraft:pink_bed":19,"minecraft:diamond_sword":12,"minecraft:cobblestone":54,"minecraft:porkchop":1,"minecraft:cooked_porkchop":2,"minecraft:gray_wool":1},"minecraft:dropped":{"minecraft:wheat_seeds":1,"minecraft:ominous_bottle":1,"minecraft:oak_log":99,"minecraft:cobblestone":16,"minecraft:glow_berries":1,"minecraft:black_bed":3,"minecraft:granite":311,"minecraft:coal":23,"minecraft:flint":2,"minecraft:dark_oak_log":217,"minecraft:diorite":64,"minecraft:torch":64,"minecraft:cooked_salmon":2,"minecraft:iron_axe":1,"minecraft:iron_pickaxe":2,"minecraft:iron_shovel":3,"minecraft:birch_log":51,"minecraft:dark_oak_boat":1,"minecraft:white_wool":6,"minecraft:polished_diorite":134,"minecraft:stone_axe":1,"minecraft:pink_bed":2,"minecraft:stone_sword":1,"minecraft:raw_iron":1,"minecraft:stone_shovel":2,"minecraft:rotten_flesh":1,"minecraft:clay_ball":12,"minecraft:peony":1,"minecraft:diamond_pickaxe":2,"minecraft:jungle_log":17,"minecraft:oak_sapling":2,"minecraft:stone_pickaxe":5,"minecraft:black_wool":2},"minecraft:picked_up":{"minecraft:crafting_table":4,"minecraft:cocoa_beans":28,"minecraft:iron_chestplate":2,"minecraft:coarse_dirt":12,"minecraft:wheat":57,"minecraft:ominous_bottle":1,"minecraft:chicken":3,"minecraft:clay_ball":12,"minecraft:raw_copper":42,"minecraft:iron_axe":1,"minecraft:iron_leggings":1,"minecraft:iron_shovel":19,"minecraft:beetroot":1,"minecraft:beef":2,"minecraft:jungle_sapling":5,"minecraft:iron_pickaxe":5,"minecraft:light_gray_wool":1,"minecraft:sugar_cane":1,"minecraft:furnace":1,"minecraft:iron_boots":1,"minecraft:dark_oak_sapling":10,"minecraft:stick":10,"minecraft:raw_iron":13,"minecraft:torch":107,"minecraft:porkchop":6,"minecraft:diorite":587,"minecraft:dark_oak_planks":85,"minecraft:arrow":8,"minecraft:rotten_flesh":2,"minecraft:tropical_fish":1,"minecraft:beetroot_seeds":1,"minecraft:peony":2,"minecraft:glow_berries":7,"minecraft:mutton":11,"minecraft:white_wool":18,"minecraft:cobblestone":3749,"minecraft:birch_log":51,"minecraft:cooked_beef":2,"minecraft:feather":6,"minecraft:lilac":1,"minecraft:salmon":6,"minecraft:jungle_log":22,"minecraft:black_bed":4,"minecraft:leather":11,"minecraft:dark_oak_boat":5,"minecraft:red_mushroom":4,"minecraft:birch_planks":6,"minecraft:flint":2,"minecraft:oak_log":110,"minecraft:dirt":5520,"minecraft:polished_granite":106,"minecraft:bone":4,"minecraft:apple":1,"minecraft:wheat_seeds":318,"minecraft:stone_pickaxe":5,"minecraft:iron_ingot":64,"minecraft:bamboo":126,"minecraft:oak_planks":19,"minecraft:pink_bed":22,"minecraft:dark_oak_slab":2,"minecraft:cooked_porkchop":2,"minecraft:pumpkin":23,"minecraft:gravel":16,"minecraft:jungle_planks":1,"minecraft:dark_oak_log":218,"minecraft:polished_diorite":187,"minecraft:stone_axe":1,"minecraft:iron_helmet":1,"minecraft:granite":313,"minecraft:gray_wool":1,"minecraft:oak_sapling":3,"minecraft:black_wool":4,"minecraft:coal":230,"minecraft:diamond_pickaxe":5},"minecraft:crafted":{"minecraft:oak_planks":32,"minecraft:stone_shovel":12,"minecraft:cooked_chicken":1,"minecraft:cooked_mutton":19,"minecraft:polished_diorite":520,"minecraft:iron_axe":2,"minecraft:iron_hoe":1,"minecraft:stone_pickaxe":11,"minecraft:cooked_beef":9,"minecraft:diamond_sword":1,"minecraft:crafting_table":1,"minecraft:cooked_salmon":6,"minecraft:stone_axe":1,"minecraft:wooden_hoe":3,"minecraft:stick":68,"minecraft:iron_pickaxe":4,"minecraft:stone_sword":1,"minecraft:iron_shovel":1},"minecraft:killed":{"minecraft:chicken":3,"minecraft:pig":3,"minecraft:salmon":8,"minecraft:sheep":7,"minecraft:pillager":1,"minecraft:cow":1}},"DataVersion":3955}