{"stats":{"minecraft:used":{"minecraft:stone_sword":2,"minecraft:iron_shovel":4081,"minecraft:tropical_fish":1,"minecraft:stone_shovel":1339,"minecraft:cooked_salmon":4,"minecraft:cooked_chicken":1,"minecraft:torch":18,"minecraft:dirt":153,"minecraft:iron_hoe":152,"minecraft:dark_oak_planks":15,"minecraft:iron_axe":271,"minecraft:jungle_log":5,"minecraft:light_gray_wool":1,"minecraft:beef":2,"minecraft:dark_oak_boat":2,"minecraft:furnace":1,"minecraft:beetroot_seeds":1,"minecraft:cooked_beef":7,"minecraft:wheat_seeds":26,"minecraft:cooked_mutton":8,"minecraft:stone_pickaxe":1420,"minecraft:oak_planks":1,"minecraft:crafting_table":2,"minecraft:oak_log":3,"minecraft:wooden_hoe":177,"minecraft:diamond_pickaxe":1982,"minecraft:dark_oak_log":1,"minecraft:chicken":2,"minecraft:iron_pickaxe":1392,"minecraft:gravel":14,"minecraft:stone_axe":181,"minecraft:pink_bed":15,"minecraft:diamond_sword":9,"minecraft:cobblestone":54,"minecraft:cooked_porkchop":2,"minecraft:porkchop":1,"minecraft:gray_wool":1},"minecraft:crafted":{"minecraft:oak_planks":32,"minecraft:stone_shovel":12,"minecraft:cooked_chicken":1,"minecraft:cooked_mutton":19,"minecraft:iron_axe":2,"minecraft:iron_hoe":1,"minecraft:stone_pickaxe":11,"minecraft:cooked_beef":9,"minecraft:diamond_sword":1,"minecraft:crafting_table":1,"minecraft:cooked_salmon":6,"minecraft:stone_axe":1,"minecraft:wooden_hoe":3,"minecraft:stick":68,"minecraft:iron_pickaxe":3,"minecraft:stone_sword":1,"minecraft:iron_shovel":1},"minecraft:dropped":{"minecraft:wheat_seeds":1,"minecraft:ominous_bottle":1,"minecraft:oak_log":99,"minecraft:glow_berries":1,"minecraft:granite":311,"minecraft:coal":23,"minecraft:flint":2,"minecraft:dark_oak_log":217,"minecraft:torch":64,"minecraft:cooked_salmon":2,"minecraft:iron_axe":1,"minecraft:iron_pickaxe":1,"minecraft:iron_shovel":3,"minecraft:birch_log":51,"minecraft:dark_oak_boat":1,"minecraft:white_wool":6,"minecraft:stone_axe":1,"minecraft:pink_bed":2,"minecraft:stone_sword":1,"minecraft:raw_iron":1,"minecraft:stone_shovel":2,"minecraft:rotten_flesh":1,"minecraft:clay_ball":12,"minecraft:peony":1,"minecraft:diamond_pickaxe":2,"minecraft:jungle_log":17,"minecraft:oak_sapling":2,"minecraft:stone_pickaxe":5,"minecraft:black_wool":2},"minecraft:custom":{"minecraft:mob_kills":23,"minecraft:interact_with_crafting_table":29,"minecraft:leave_game":2,"minecraft:time_since_death":414500,"minecraft:climb_one_cm":1867,"minecraft:sprint_one_cm":472400,"minecraft:walk_one_cm":1105511,"minecraft:drop":66,"minecraft:play_time":414500,"minecraft:sneak_time":277,"minecraft:walk_under_water_one_cm":22319,"minecraft:boat_one_cm":246683,"minecraft:jump":2916,"minecraft:walk_on_water_one_cm":37771,"minecraft:total_world_time":414500,"minecraft:interact_with_furnace":30,"minecraft:sleep_in_bed":28,"minecraft:time_since_rest":6502,"minecraft:damage_taken":835,"minecraft:damage_dealt":2027,"minecraft:swim_one_cm":46141,"minecraft:fly_one_cm":248422,"minecraft:open_chest":83,"minecraft:crouch_one_cm":407,"minecraft:fall_one_cm":51117,"minecraft:horse_one_cm":2280},"minecraft:broken":{"minecraft:iron_shovel":16,"minecraft:stone_pickaxe":11,"minecraft:iron_axe":1,"minecraft:stone_axe":1,"minecraft:iron_pickaxe":5,"minecraft:wooden_hoe":3,"minecraft:stone_shovel":10},"minecraft:picked_up":{"minecraft:cocoa_beans":28,"minecraft:coarse_dirt":6,"minecraft:iron_chestplate":2,"minecraft:crafting_table":2,"minecraft:ominous_bottle":1,"minecraft:chicken":3,"minecraft:clay_ball":12,"minecraft:raw_copper":42,"minecraft:iron_axe":1,"minecraft:iron_leggings":1,"minecraft:iron_shovel":19,"minecraft:beef":2,"minecraft:jungle_sapling":5,"minecraft:iron_pickaxe":4,"minecraft:light_gray_wool":1,"minecraft:sugar_cane":1,"minecraft:iron_boots":1,"minecraft:furnace":1,"minecraft:dark_oak_sapling":9,"minecraft:stick":10,"minecraft:raw_iron":13,"minecraft:torch":107,"minecraft:porkchop":6,"minecraft:diorite":370,"minecraft:dark_oak_planks":85,"minecraft:arrow":4,"minecraft:rotten_flesh":2,"minecraft:tropical_fish":1,"minecraft:beetroot_seeds":1,"minecraft:peony":2,"minecraft:glow_berries":7,"minecraft:mutton":11,"minecraft:white_wool":18,"minecraft:cobblestone":3731,"minecraft:birch_log":51,"minecraft:cooked_beef":2,"minecraft:feather":3,"minecraft:lilac":1,"minecraft:jungle_log":22,"minecraft:salmon":6,"minecraft:leather":2,"minecraft:dark_oak_boat":4,"minecraft:red_mushroom":2,"minecraft:flint":2,"minecraft:oak_log":110,"minecraft:dirt":5499,"minecraft:bone":4,"minecraft:apple":1,"minecraft:wheat_seeds":133,"minecraft:iron_ingot":64,"minecraft:stone_pickaxe":5,"minecraft:bamboo":45,"minecraft:oak_planks":19,"minecraft:pink_bed":18,"minecraft:dark_oak_slab":1,"minecraft:cooked_porkchop":2,"minecraft:pumpkin":23,"minecraft:gravel":16,"minecraft:dark_oak_log":218,"minecraft:stone_axe":1,"minecraft:iron_helmet":1,"minecraft:granite":311,"minecraft:gray_wool":1,"minecraft:oak_sapling":3,"minecraft:black_wool":3,"minecraft:coal":230,"minecraft:diamond_pickaxe":4},"minecraft:killed":{"minecraft:chicken":3,"minecraft:pig":3,"minecraft:salmon":8,"minecraft:sheep":7,"minecraft:pillager":1,"minecraft:cow":1},"minecraft:mined":{"minecraft:dark_oak_planks":15,"minecraft:farmland":2,"minecraft:pink_bed":18,"minecraft:dark_oak_leaves":12,"minecraft:dark_oak_log":108,"minecraft:granite":330,"minecraft:cave_vines_plant":2,"minecraft:grass_block":3160,"minecraft:jungle_log":26,"minecraft:brown_mushroom_block":2,"minecraft:spruce_leaves":1,"minecraft:iron_ore":12,"minecraft:pumpkin":24,"minecraft:peony":1,"minecraft:cave_vines":11,"minecraft:vine":9,"minecraft:bamboo":7,"minecraft:stone":3878,"minecraft:clay":3,"minecraft:crafting_table":1,"minecraft:torch":1,"minecraft:short_grass":111,"minecraft:poppy":1,"minecraft:mushroom_stem":3,"minecraft:cobblestone":29,"minecraft:copper_ore":13,"minecraft:tall_grass":12,"minecraft:sugar_cane":1,"minecraft:oak_planks":1,"minecraft:diorite":178,"minecraft:wall_torch":6,"minecraft:coarse_dirt":6,"minecraft:birch_log":20,"minecraft:lilac":1,"minecraft:birch_leaves":5,"minecraft:coal_ore":168,"minecraft:oak_log":45,"minecraft:cocoa":4,"minecraft:gravel":4,"minecraft:dirt":2442,"minecraft:red_mushroom_block":8,"minecraft:oak_leaves":12}},"DataVersion":3955}