{"stats":{"minecraft:dropped":{"minecraft:stone_pickaxe":1},"minecraft:used":{"minecraft:oak_log":3,"minecraft:stone_pickaxe":179,"minecraft:gravel":1,"minecraft:stone_axe":6,"minecraft:dirt":31,"minecraft:cobblestone":4},"minecraft:picked_up":{"minecraft:leather":2,"minecraft:torch":16,"minecraft:red_mushroom":2,"minecraft:gravel":1,"minecraft:porkchop":3,"minecraft:oak_log":5,"minecraft:diorite":1,"minecraft:dirt":32,"minecraft:stone_axe":1,"minecraft:wheat_seeds":1,"minecraft:beef":2,"minecraft:stone_pickaxe":4,"minecraft:black_wool":1,"minecraft:mutton":7,"minecraft:white_wool":3,"minecraft:cobblestone":114},"minecraft:crafted":{"minecraft:oak_planks":8,"minecraft:stick":4},"minecraft:mined":{"minecraft:dark_oak_leaves":1,"minecraft:short_grass":4,"minecraft:grass_block":8,"minecraft:oak_log":6,"minecraft:gravel":1,"minecraft:dirt":25,"minecraft:mushroom_stem":3,"minecraft:brown_mushroom_block":2,"minecraft:red_mushroom_block":5,"minecraft:stone":113,"minecraft:diorite":1,"minecraft:oak_leaves":1},"minecraft:killed":{"minecraft:sheep":4,"minecraft:pig":2,"minecraft:cow":1},"minecraft:broken":{"minecraft:stone_pickaxe":1},"minecraft:custom":{"minecraft:time_since_rest":29532,"minecraft:sprint_one_cm":35984,"minecraft:damage_taken":70,"minecraft:walk_one_cm":119941,"minecraft:mob_kills":7,"minecraft:drop":1,"minecraft:damage_dealt":709,"minecraft:swim_one_cm":7259,"minecraft:interact_with_crafting_table":1,"minecraft:fly_one_cm":7637,"minecraft:crouch_one_cm":9,"minecraft:play_time":29532,"minecraft:sneak_time":200,"minecraft:walk_under_water_one_cm":6770,"minecraft:jump":400,"minecraft:walk_on_water_one_cm":4451,"minecraft:time_since_death":29532,"minecraft:total_world_time":29532,"minecraft:fall_one_cm":9441}},"DataVersion":3955}