{"stats":{"minecraft:killed":{"minecraft:pig":2,"minecraft:sheep":4,"minecraft:chicken":2,"minecraft:cow":1},"minecraft:mined":{"minecraft:dark_oak_planks":15,"minecraft:pink_bed":4,"minecraft:dark_oak_leaves":2,"minecraft:short_grass":102,"minecraft:grass_block":3086,"minecraft:poppy":1,"minecraft:mushroom_stem":3,"minecraft:brown_mushroom_block":2,"minecraft:copper_ore":9,"minecraft:tall_grass":12,"minecraft:cobblestone":24,"minecraft:spruce_leaves":1,"minecraft:sugar_cane":1,"minecraft:diorite":1,"minecraft:coarse_dirt":6,"minecraft:iron_ore":2,"minecraft:lilac":1,"minecraft:birch_leaves":3,"minecraft:peony":1,"minecraft:oak_log":8,"minecraft:coal_ore":48,"minecraft:dirt":2435,"minecraft:gravel":1,"minecraft:red_mushroom_block":5,"minecraft:stone":1765,"minecraft:oak_leaves":1},"minecraft:used":{"minecraft:cooked_mutton":7,"minecraft:stone_sword":2,"minecraft:iron_shovel":4072,"minecraft:tropical_fish":1,"minecraft:stone_pickaxe":1244,"minecraft:stone_shovel":1261,"minecraft:torch":4,"minecraft:dirt":144,"minecraft:oak_log":3,"minecraft:dark_oak_planks":15,"minecraft:chicken":2,"minecraft:iron_pickaxe":750,"minecraft:gravel":1,"minecraft:stone_axe":180,"minecraft:pink_bed":3,"minecraft:dark_oak_boat":1,"minecraft:cobblestone":32,"minecraft:beef":2,"minecraft:furnace":1,"minecraft:porkchop":1,"minecraft:cooked_porkchop":2,"minecraft:cooked_beef":2},"minecraft:broken":{"minecraft:stone_pickaxe":9,"minecraft:iron_shovel":16,"minecraft:stone_axe":1,"minecraft:iron_pickaxe":3,"minecraft:stone_shovel":9},"minecraft:dropped":{"minecraft:stone_sword":1,"minecraft:rotten_flesh":1,"minecraft:stone_pickaxe":2,"minecraft:iron_pickaxe":1,"minecraft:iron_shovel":3,"minecraft:white_wool":6},"minecraft:crafted":{"minecraft:cooked_beef":2,"minecraft:oak_planks":32,"minecraft:stone_shovel":12,"minecraft:stone_axe":1,"minecraft:cooked_mutton":7,"minecraft:stick":52,"minecraft:stone_pickaxe":11,"minecraft:stone_sword":1},"minecraft:custom":{"minecraft:interact_with_furnace":12,"minecraft:mob_kills":9,"minecraft:interact_with_crafting_table":12,"minecraft:leave_game":2,"minecraft:time_since_death":235804,"minecraft:sleep_in_bed":15,"minecraft:time_since_rest":592,"minecraft:sprint_one_cm":275744,"minecraft:damage_taken":494,"minecraft:walk_one_cm":711178,"minecraft:drop":10,"minecraft:damage_dealt":966,"minecraft:swim_one_cm":21516,"minecraft:fly_one_cm":99574,"minecraft:open_chest":37,"minecraft:crouch_one_cm":301,"minecraft:play_time":235804,"minecraft:sneak_time":265,"minecraft:walk_under_water_one_cm":7621,"minecraft:boat_one_cm":133034,"minecraft:jump":1472,"minecraft:walk_on_water_one_cm":10760,"minecraft:total_world_time":235804,"minecraft:fall_one_cm":24091},"minecraft:picked_up":{"minecraft:iron_chestplate":2,"minecraft:coarse_dirt":6,"minecraft:cooked_beef":2,"minecraft:feather":3,"minecraft:lilac":1,"minecraft:chicken":2,"minecraft:leather":2,"minecraft:dark_oak_boat":2,"minecraft:red_mushroom":2,"minecraft:oak_log":11,"minecraft:dirt":5413,"minecraft:raw_copper":31,"minecraft:iron_leggings":1,"minecraft:iron_shovel":19,"minecraft:bone":4,"minecraft:wheat_seeds":106,"minecraft:stone_pickaxe":5,"minecraft:beef":2,"minecraft:iron_pickaxe":4,"minecraft:sugar_cane":1,"minecraft:iron_boots":1,"minecraft:furnace":1,"minecraft:dark_oak_sapling":1,"minecraft:pink_bed":3,"minecraft:raw_iron":2,"minecraft:cooked_porkchop":2,"minecraft:torch":100,"minecraft:gravel":1,"minecraft:porkchop":3,"minecraft:diorite":1,"minecraft:dark_oak_planks":79,"minecraft:arrow":4,"minecraft:rotten_flesh":2,"minecraft:peony":1,"minecraft:tropical_fish":1,"minecraft:stone_axe":1,"minecraft:iron_helmet":1,"minecraft:oak_sapling":1,"minecraft:black_wool":1,"minecraft:mutton":7,"minecraft:coal":112,"minecraft:white_wool":6,"minecraft:cobblestone":1760}},"DataVersion":3955}