{"stats":{"minecraft:dropped":{"minecraft:iron_ingot":60,"minecraft:wheat_seeds":1,"minecraft:ominous_bottle":1,"minecraft:oak_log":99,"minecraft:lead":3,"minecraft:cobblestone":24,"minecraft:glow_berries":1,"minecraft:black_bed":7,"minecraft:granite":311,"minecraft:rail":5,"minecraft:coal":23,"minecraft:flint":2,"minecraft:dirt":53,"minecraft:dark_oak_log":217,"minecraft:diorite":65,"minecraft:torch":64,"minecraft:cooked_salmon":2,"minecraft:iron_axe":1,"minecraft:iron_pickaxe":5,"minecraft:smooth_stone":65,"minecraft:iron_shovel":4,"minecraft:string":4,"minecraft:birch_log":51,"minecraft:dark_oak_boat":1,"minecraft:white_wool":6,"minecraft:gold_ingot":3,"minecraft:gravel":6,"minecraft:polished_diorite":134,"minecraft:stone_axe":1,"minecraft:pink_bed":3,"minecraft:stone_sword":1,"minecraft:raw_copper":12,"minecraft:obsidian":13,"minecraft:raw_iron":1,"minecraft:stone_shovel":2,"minecraft:rotten_flesh":9,"minecraft:clay_ball":12,"minecraft:cooked_mutton":1,"minecraft:diamond_sword":1,"minecraft:peony":1,"minecraft:diamond_pickaxe":2,"minecraft:jungle_log":17,"minecraft:oak_sapling":2,"minecraft:arrow":1,"minecraft:stone_pickaxe":8,"minecraft:black_wool":2},"minecraft:broken":{"minecraft:iron_shovel":25,"minecraft:stone_pickaxe":12,"minecraft:golden_axe":2,"minecraft:iron_axe":1,"minecraft:stone_axe":1,"minecraft:iron_pickaxe":11,"minecraft:wooden_hoe":3,"minecraft:stone_shovel":10},"minecraft:used":{"minecraft:stone_sword":2,"minecraft:iron_shovel":6125,"minecraft:tropical_fish":1,"minecraft:stone_shovel":1339,"minecraft:chest":2,"minecraft:cooked_salmon":4,"minecraft:cooked_chicken":1,"minecraft:torch":124,"minecraft:dirt":472,"minecraft:carrot":79,"minecraft:snowball":23,"minecraft:obsidian":1,"minecraft:polished_diorite":186,"minecraft:iron_hoe":152,"minecraft:dark_oak_planks":15,"minecraft:iron_axe":395,"minecraft:jungle_log":5,"minecraft:bamboo":128,"minecraft:light_gray_wool":1,"minecraft:dark_oak_boat":6,"minecraft:beef":2,"minecraft:furnace":11,"minecraft:egg":2,"minecraft:beetroot_seeds":1,"minecraft:cooked_beef":11,"minecraft:golden_axe":64,"minecraft:dark_oak_sapling":2,"minecraft:cobbled_deepslate_wall":60,"minecraft:wheat_seeds":26,"minecraft:cooked_mutton":16,"minecraft:diorite":1,"minecraft:stone_pickaxe":1551,"minecraft:oak_planks":3,"minecraft:sandstone":8,"minecraft:salmon":1,"minecraft:crafting_table":5,"minecraft:black_bed":1,"minecraft:pumpkin_seeds":1,"minecraft:oak_log":3,"minecraft:wooden_hoe":177,"minecraft:diamond_pickaxe":1982,"minecraft:dark_oak_log":1,"minecraft:chicken":2,"minecraft:bread":46,"minecraft:iron_pickaxe":2958,"minecraft:polished_granite":637,"minecraft:gravel":17,"minecraft:pink_bed":52,"minecraft:stone_axe":181,"minecraft:chiseled_stone_bricks":7,"minecraft:diamond_sword":21,"minecraft:cobblestone":74,"minecraft:porkchop":1,"minecraft:cooked_porkchop":2,"minecraft:gray_wool":1,"minecraft:smooth_stone":284},"minecraft:custom":{"minecraft:mob_kills":25,"minecraft:animals_bred":1,"minecraft:interact_with_crafting_table":47,"minecraft:leave_game":5,"minecraft:time_since_death":963458,"minecraft:climb_one_cm":2632,"minecraft:sprint_one_cm":1211846,"minecraft:walk_one_cm":2603890,"minecraft:drop":118,"minecraft:talked_to_villager":4,"minecraft:play_time":963458,"minecraft:sneak_time":1234,"minecraft:walk_under_water_one_cm":73361,"minecraft:boat_one_cm":739498,"minecraft:jump":7669,"minecraft:interact_with_blast_furnace":1,"minecraft:walk_on_water_one_cm":123866,"minecraft:total_world_time":963458,"minecraft:interact_with_furnace":225,"minecraft:interact_with_cartography_table":1,"minecraft:interact_with_stonecutter":6,"minecraft:sleep_in_bed":68,"minecraft:time_since_rest":5782,"minecraft:damage_taken":2789,"minecraft:damage_dealt":2418,"minecraft:swim_one_cm":127511,"minecraft:fly_one_cm":666381,"minecraft:open_chest":357,"minecraft:crouch_one_cm":1880,"minecraft:fall_one_cm":138003,"minecraft:horse_one_cm":2280},"minecraft:crafted":{"minecraft:smooth_stone":926,"minecraft:oak_planks":68,"minecraft:stone_shovel":12,"minecraft:cooked_chicken":1,"minecraft:furnace":5,"minecraft:stone":350,"minecraft:cooked_mutton":19,"minecraft:polished_diorite":520,"minecraft:iron_axe":2,"minecraft:iron_hoe":1,"minecraft:stone_pickaxe":14,"minecraft:chest":2,"minecraft:chiseled_stone_bricks":2,"minecraft:cooked_beef":9,"minecraft:diamond_sword":1,"minecraft:crafting_table":1,"minecraft:cooked_salmon":6,"minecraft:stone_axe":1,"minecraft:wooden_hoe":3,"minecraft:stick":76,"minecraft:iron_ingot":24,"minecraft:iron_pickaxe":9,"minecraft:stone_sword":1,"minecraft:iron_shovel":7,"minecraft:torch":28},"minecraft:picked_up":{"minecraft:crafting_table":7,"minecraft:cocoa_beans":28,"minecraft:iron_chestplate":2,"minecraft:coarse_dirt":12,"minecraft:wheat":57,"minecraft:azure_bluet":1,"minecraft:diamond_sword":1,"minecraft:ominous_bottle":2,"minecraft:chicken":3,"minecraft:clay_ball":12,"minecraft:lead":2,"minecraft:gold_block":1,"minecraft:enchanted_book":1,"minecraft:cornflower":2,"minecraft:string":4,"minecraft:raw_copper":82,"minecraft:iron_axe":1,"minecraft:iron_leggings":1,"minecraft:iron_shovel":22,"minecraft:blue_orchid":10,"minecraft:beetroot":1,"minecraft:cobbled_deepslate":458,"minecraft:smooth_stone":50,"minecraft:spruce_planks":1,"minecraft:beef":2,"minecraft:birch_sapling":2,"minecraft:jungle_sapling":5,"minecraft:poppy":1,"minecraft:iron_pickaxe":8,"minecraft:light_gray_wool":1,"minecraft:sugar_cane":2,"minecraft:furnace":6,"minecraft:iron_boots":1,"minecraft:egg":3,"minecraft:sandstone":8,"minecraft:dark_oak_sapling":10,"minecraft:stick":57,"minecraft:raw_iron":96,"minecraft:oak_fence":3,"minecraft:torch":184,"minecraft:porkchop":6,"minecraft:diorite":602,"minecraft:carrot":199,"minecraft:dark_oak_planks":89,"minecraft:arrow":21,"minecraft:rotten_flesh":12,"minecraft:tropical_fish":1,"minecraft:beetroot_seeds":3,"minecraft:peony":2,"minecraft:saddle":1,"minecraft:oxeye_daisy":1,"minecraft:glow_berries":7,"minecraft:obsidian":16,"minecraft:mutton":11,"minecraft:rail":7,"minecraft:snowball":23,"minecraft:white_wool":18,"minecraft:cobblestone":5563,"minecraft:birch_log":179,"minecraft:cooked_beef":2,"minecraft:feather":6,"minecraft:lilac":1,"minecraft:salmon":7,"minecraft:andesite":30,"minecraft:jungle_log":22,"minecraft:black_bed":8,"minecraft:leather":14,"minecraft:dark_oak_boat":8,"minecraft:red_mushroom":4,"minecraft:filled_map":1,"minecraft:birch_planks":6,"minecraft:flint":28,"minecraft:oak_log":119,"minecraft:lapis_lazuli":25,"minecraft:dirt":9970,"minecraft:white_banner":2,"minecraft:polished_granite":106,"minecraft:bone":6,"minecraft:apple":2,"minecraft:kelp":14,"minecraft:bow":1,"minecraft:wheat_seeds":346,"minecraft:cobbled_deepslate_wall":60,"minecraft:iron_ingot":83,"minecraft:stone_pickaxe":7,"minecraft:bamboo":139,"minecraft:oak_planks":25,"minecraft:pink_bed":56,"minecraft:dark_oak_slab":16,"minecraft:cooked_porkchop":2,"minecraft:pumpkin":42,"minecraft:chiseled_stone_bricks":12,"minecraft:birch_stairs":1,"minecraft:sand":385,"minecraft:dandelion":7,"minecraft:gravel":32,"minecraft:jungle_planks":1,"minecraft:spruce_sapling":1,"minecraft:spruce_log":8,"minecraft:dark_oak_log":218,"minecraft:polished_andesite":5,"minecraft:pumpkin_seeds":1,"minecraft:polished_diorite":187,"minecraft:diamond":24,"minecraft:stone_axe":1,"minecraft:iron_helmet":1,"minecraft:granite":322,"minecraft:gray_wool":1,"minecraft:golden_horse_armor":1,"minecraft:oak_sapling":4,"minecraft:black_wool":6,"minecraft:coal":742,"minecraft:diamond_pickaxe":5},"minecraft:mined":{"minecraft:dark_oak_planks":15,"minecraft:attached_pumpkin_stem":1,"minecraft:farmland":2,"minecraft:pink_bed":50,"minecraft:dark_oak_leaves":12,"minecraft:dark_oak_log":108,"minecraft:cave_vines_plant":2,"minecraft:glow_lichen":2,"minecraft:granite":334,"minecraft:grass_block":4032,"minecraft:jungle_log":26,"minecraft:brown_mushroom_block":2,"minecraft:polished_diorite":87,"minecraft:spruce_leaves":2,"minecraft:sandstone":8,"minecraft:oxeye_daisy":1,"minecraft:chiseled_stone_bricks":12,"minecraft:smooth_stone":66,"minecraft:carrots":54,"minecraft:furnace":2,"minecraft:iron_ore":94,"minecraft:fire":3,"minecraft:snow":2,"minecraft:andesite":16,"minecraft:pumpkin":43,"minecraft:azure_bluet":1,"minecraft:peony":1,"minecraft:dirt_path":1,"minecraft:cave_vines":11,"minecraft:vine":9,"minecraft:blue_orchid":10,"minecraft:bamboo_sapling":19,"minecraft:bamboo":38,"minecraft:stone":4164,"minecraft:dandelion":6,"minecraft:cornflower":2,"minecraft:polished_granite":41,"minecraft:clay":3,"minecraft:cobbled_deepslate_wall":2,"minecraft:crafting_table":4,"minecraft:torch":1,"minecraft:short_grass":151,"minecraft:poppy":2,"minecraft:mushroom_stem":3,"minecraft:copper_ore":16,"minecraft:tall_grass":14,"minecraft:cobblestone":42,"minecraft:lapis_ore":4,"minecraft:oak_planks":3,"minecraft:sugar_cane":2,"minecraft:diorite":351,"minecraft:wall_torch":9,"minecraft:deepslate_copper_ore":1,"minecraft:birch_planks":1,"minecraft:coarse_dirt":6,"minecraft:birch_log":136,"minecraft:wheat":66,"minecraft:lilac":1,"minecraft:spruce_log":8,"minecraft:birch_leaves":12,"minecraft:black_bed":5,"minecraft:oak_log":54,"minecraft:coal_ore":549,"minecraft:cocoa":4,"minecraft:sand":393,"minecraft:dark_oak_sapling":1,"minecraft:gravel":8,"minecraft:dirt":3250,"minecraft:red_mushroom_block":8,"minecraft:gold_ore":1,"minecraft:oak_leaves":19,"minecraft:deepslate":469},"minecraft:killed":{"minecraft:chicken":3,"minecraft:pig":3,"minecraft:salmon":9,"minecraft:sheep":7,"minecraft:pillager":1,"minecraft:zombie":1,"minecraft:cow":1}},"DataVersion":3955}