{"stats":{"minecraft:custom":{"minecraft:animals_bred":1,"minecraft:interact_with_crafting_table":51,"minecraft:leave_game":6,"minecraft:time_since_death":1102719,"minecraft:sprint_one_cm":1634798,"minecraft:drop":127,"minecraft:talked_to_villager":4,"minecraft:play_time":1102719,"minecraft:jump":9629,"minecraft:walk_on_water_one_cm":144836,"minecraft:interact_with_furnace":251,"minecraft:interact_with_cartography_table":1,"minecraft:sleep_in_bed":80,"minecraft:damage_dealt":2746,"minecraft:crouch_one_cm":1923,"minecraft:horse_one_cm":2280,"minecraft:mob_kills":26,"minecraft:climb_one_cm":2632,"minecraft:walk_one_cm":2937865,"minecraft:sneak_time":1353,"minecraft:walk_under_water_one_cm":78735,"minecraft:boat_one_cm":1228606,"minecraft:interact_with_blast_furnace":1,"minecraft:total_world_time":1102719,"minecraft:interact_with_stonecutter":8,"minecraft:time_since_rest":135,"minecraft:damage_taken":3471,"minecraft:swim_one_cm":191250,"minecraft:fly_one_cm":981829,"minecraft:open_chest":443,"minecraft:fall_one_cm":181701},"minecraft:mined":{"minecraft:dark_oak_planks":15,"minecraft:spruce_planks":29,"minecraft:farmland":2,"minecraft:pink_bed":69,"minecraft:cherry_log":17,"minecraft:cave_vines_plant":2,"minecraft:granite":446,"minecraft:grass_block":4037,"minecraft:jungle_log":26,"minecraft:polished_diorite":91,"minecraft:oxeye_daisy":1,"minecraft:chiseled_stone_bricks":12,"minecraft:smooth_stone":67,"minecraft:tall_seagrass":3,"minecraft:iron_ore":98,"minecraft:fire":3,"minecraft:pumpkin":43,"minecraft:azure_bluet":1,"minecraft:cave_vines":11,"minecraft:dirt_path":1,"minecraft:blue_orchid":10,"minecraft:cut_sandstone":2,"minecraft:clay":3,"minecraft:torch":1,"minecraft:poppy":2,"minecraft:mushroom_stem":3,"minecraft:glass":3,"minecraft:cobblestone":45,"minecraft:sugar_cane":2,"minecraft:oak_planks":3,"minecraft:wall_torch":9,"minecraft:deepslate_copper_ore":1,"minecraft:seagrass":1,"minecraft:birch_log":136,"minecraft:wheat":66,"minecraft:lilac":2,"minecraft:black_bed":6,"minecraft:oak_log":54,"minecraft:dark_oak_sapling":1,"minecraft:sand":393,"minecraft:dirt":3256,"minecraft:red_mushroom_block":8,"minecraft:oak_leaves":21,"minecraft:deepslate":469,"minecraft:attached_pumpkin_stem":1,"minecraft:dark_oak_leaves":12,"minecraft:stripped_cherry_log":1,"minecraft:cherry_sapling":15,"minecraft:dark_oak_log":108,"minecraft:glow_lichen":2,"minecraft:allium":1,"minecraft:brown_mushroom_block":2,"minecraft:spruce_leaves":3,"minecraft:sandstone":10,"minecraft:furnace":2,"minecraft:carrots":54,"minecraft:snow":2,"minecraft:andesite":47,"minecraft:peony":1,"minecraft:vine":9,"minecraft:bamboo_sapling":19,"minecraft:bamboo":38,"minecraft:stone":4197,"minecraft:cherry_planks":4,"minecraft:dandelion":6,"minecraft:polished_granite":41,"minecraft:crafting_table":4,"minecraft:cobbled_deepslate_wall":2,"minecraft:cornflower":2,"minecraft:short_grass":174,"minecraft:tall_grass":16,"minecraft:copper_ore":16,"minecraft:lapis_ore":4,"minecraft:diorite":499,"minecraft:birch_planks":10,"minecraft:coarse_dirt":6,"minecraft:spruce_log":8,"minecraft:birch_leaves":12,"minecraft:coal_ore":620,"minecraft:cocoa":4,"minecraft:cherry_leaves":5,"minecraft:gravel":8,"minecraft:gold_ore":1},"minecraft:dropped":{"minecraft:ominous_bottle":1,"minecraft:oak_log":99,"minecraft:glow_berries":1,"minecraft:black_bed":7,"minecraft:rail":5,"minecraft:flint":2,"minecraft:dirt":53,"minecraft:dark_oak_log":217,"minecraft:sand":27,"minecraft:iron_pickaxe":5,"minecraft:dark_oak_boat":1,"minecraft:birch_log":51,"minecraft:white_wool":6,"minecraft:gold_ingot":3,"minecraft:gravel":6,"minecraft:stone_axe":1,"minecraft:pink_bed":3,"minecraft:obsidian":13,"minecraft:rotten_flesh":11,"minecraft:cooked_mutton":1,"minecraft:jungle_log":17,"minecraft:arrow":1,"minecraft:polished_granite":206,"minecraft:iron_ingot":60,"minecraft:wheat_seeds":1,"minecraft:cobblestone":24,"minecraft:lead":3,"minecraft:granite":311,"minecraft:coal":23,"minecraft:diorite":65,"minecraft:torch":64,"minecraft:cherry_planks":128,"minecraft:cooked_salmon":2,"minecraft:iron_axe":1,"minecraft:smooth_stone":65,"minecraft:iron_shovel":4,"minecraft:string":4,"minecraft:bucket":1,"minecraft:polished_diorite":134,"minecraft:stone_sword":1,"minecraft:raw_copper":12,"minecraft:stone_shovel":2,"minecraft:raw_iron":1,"minecraft:clay_ball":12,"minecraft:diamond_sword":1,"minecraft:peony":1,"minecraft:diamond_pickaxe":2,"minecraft:oak_sapling":2,"minecraft:stone_pickaxe":8,"minecraft:black_wool":2},"minecraft:used":{"minecraft:cherry_sapling":33,"minecraft:iron_shovel":6125,"minecraft:chest":2,"minecraft:carrot":79,"minecraft:snowball":23,"minecraft:obsidian":1,"minecraft:glass":123,"minecraft:dark_oak_boat":9,"minecraft:furnace":11,"minecraft:beetroot_seeds":1,"minecraft:egg":2,"minecraft:dark_oak_sapling":2,"minecraft:diorite":1,"minecraft:stone_pickaxe":1551,"minecraft:oak_planks":3,"minecraft:sandstone":8,"minecraft:black_bed":1,"minecraft:pumpkin_seeds":1,"minecraft:dark_oak_log":1,"minecraft:bread":62,"minecraft:polished_granite":637,"minecraft:gravel":17,"minecraft:diamond_sword":25,"minecraft:stone_sword":2,"minecraft:tropical_fish":1,"minecraft:stone_shovel":1339,"minecraft:spruce_planks":10,"minecraft:cooked_salmon":11,"minecraft:cooked_chicken":1,"minecraft:torch":132,"minecraft:dirt":473,"minecraft:polished_diorite":287,"minecraft:iron_hoe":152,"minecraft:dark_oak_planks":15,"minecraft:iron_axe":457,"minecraft:jungle_log":5,"minecraft:bamboo":128,"minecraft:light_gray_wool":1,"minecraft:beef":2,"minecraft:cooked_beef":11,"minecraft:golden_axe":64,"minecraft:cobbled_deepslate_wall":60,"minecraft:wheat_seeds":26,"minecraft:cooked_mutton":18,"minecraft:snow_block":2,"minecraft:birch_planks":137,"minecraft:cherry_planks":70,"minecraft:salmon":1,"minecraft:crafting_table":5,"minecraft:oak_log":3,"minecraft:wooden_hoe":177,"minecraft:diamond_pickaxe":1982,"minecraft:apple":1,"minecraft:chicken":2,"minecraft:iron_pickaxe":3370,"minecraft:stone_axe":181,"minecraft:pink_bed":70,"minecraft:chiseled_stone_bricks":7,"minecraft:cobblestone":106,"minecraft:cooked_porkchop":2,"minecraft:porkchop":1,"minecraft:gray_wool":1,"minecraft:smooth_stone":291},"minecraft:killed":{"minecraft:chicken":3,"minecraft:pig":3,"minecraft:salmon":9,"minecraft:sheep":7,"minecraft:pillager":1,"minecraft:zombie":2,"minecraft:cow":1},"minecraft:crafted":{"minecraft:smooth_stone":990,"minecraft:oak_planks":68,"minecraft:cooked_chicken":1,"minecraft:stone":407,"minecraft:cooked_mutton":19,"minecraft:glass":448,"minecraft:chest":2,"minecraft:chiseled_stone_bricks":2,"minecraft:crafting_table":1,"minecraft:wooden_hoe":3,"minecraft:stick":76,"minecraft:iron_ingot":24,"minecraft:iron_pickaxe":11,"minecraft:stone_sword":1,"minecraft:cherry_planks":268,"minecraft:stone_shovel":12,"minecraft:furnace":5,"minecraft:polished_diorite":538,"minecraft:iron_axe":2,"minecraft:iron_hoe":1,"minecraft:stone_pickaxe":14,"minecraft:cooked_beef":9,"minecraft:diamond_sword":1,"minecraft:cooked_salmon":6,"minecraft:stone_axe":1,"minecraft:air":0,"minecraft:iron_shovel":7,"minecraft:torch":28},"minecraft:broken":{"minecraft:iron_shovel":25,"minecraft:stone_pickaxe":12,"minecraft:stone_axe":1,"minecraft:stone_shovel":10,"minecraft:golden_axe":2,"minecraft:iron_axe":1,"minecraft:iron_pickaxe":13,"minecraft:wooden_hoe":3},"minecraft:picked_up":{"minecraft:iron_chestplate":2,"minecraft:wheat":57,"minecraft:diamond_sword":1,"minecraft:lead":2,"minecraft:enchanted_book":1,"minecraft:string":4,"minecraft:raw_copper":82,"minecraft:iron_leggings":1,"minecraft:beetroot":1,"minecraft:smooth_stone":54,"minecraft:cobbled_deepslate":458,"minecraft:bucket":1,"minecraft:spruce_planks":30,"minecraft:iron_pickaxe":9,"minecraft:iron_boots":1,"minecraft:furnace":6,"minecraft:stick":84,"minecraft:oak_fence":3,"minecraft:torch":186,"minecraft:porkchop":6,"minecraft:cherry_log":66,"minecraft:diorite":750,"minecraft:rotten_flesh":14,"minecraft:tropical_fish":1,"minecraft:obsidian":16,"minecraft:snowball":23,"minecraft:cobblestone":5606,"minecraft:birch_log":179,"minecraft:pink_petals":4,"minecraft:cooked_beef":2,"minecraft:feather":6,"minecraft:lilac":1,"minecraft:cherry_planks":6,"minecraft:andesite":61,"minecraft:jungle_log":22,"minecraft:black_bed":8,"minecraft:dark_oak_boat":10,"minecraft:flint":28,"minecraft:lapis_lazuli":25,"minecraft:dirt":9981,"minecraft:polished_granite":209,"minecraft:glass":110,"minecraft:bone":6,"minecraft:bow":1,"minecraft:cobbled_deepslate_wall":60,"minecraft:wheat_seeds":349,"minecraft:bamboo":139,"minecraft:oak_planks":25,"minecraft:cooked_porkchop":2,"minecraft:jungle_planks":1,"minecraft:sand":411,"minecraft:dark_oak_log":218,"minecraft:polished_andesite":5,"minecraft:diamond":24,"minecraft:granite":425,"minecraft:golden_horse_armor":1,"minecraft:bread":11,"minecraft:oak_sapling":4,"minecraft:diamond_pickaxe":5,"minecraft:cocoa_beans":28,"minecraft:coarse_dirt":12,"minecraft:crafting_table":7,"minecraft:azure_bluet":1,"minecraft:ominous_bottle":2,"minecraft:chicken":3,"minecraft:clay_ball":12,"minecraft:gold_block":1,"minecraft:stripped_cherry_log":1,"minecraft:cornflower":2,"minecraft:iron_axe":1,"minecraft:iron_shovel":22,"minecraft:blue_orchid":10,"minecraft:beef":2,"minecraft:jungle_sapling":5,"minecraft:poppy":1,"minecraft:light_gray_wool":1,"minecraft:sugar_cane":2,"minecraft:birch_sapling":2,"minecraft:egg":3,"minecraft:dark_oak_sapling":10,"minecraft:raw_iron":100,"minecraft:sandstone":9,"minecraft:carrot":199,"minecraft:dark_oak_planks":89,"minecraft:arrow":21,"minecraft:beetroot_seeds":3,"minecraft:peony":2,"minecraft:saddle":1,"minecraft:glow_berries":7,"minecraft:mutton":11,"minecraft:white_wool":18,"minecraft:rail":7,"minecraft:oxeye_daisy":1,"minecraft:salmon":7,"minecraft:leather":14,"minecraft:red_mushroom":4,"minecraft:filled_map":1,"minecraft:birch_planks":15,"minecraft:oak_log":119,"minecraft:white_banner":2,"minecraft:apple":2,"minecraft:kelp":14,"minecraft:stone_pickaxe":7,"minecraft:iron_ingot":83,"minecraft:pink_bed":74,"minecraft:dark_oak_slab":16,"minecraft:pumpkin":42,"minecraft:chiseled_stone_bricks":12,"minecraft:dandelion":7,"minecraft:gravel":32,"minecraft:birch_stairs":1,"minecraft:spruce_sapling":1,"minecraft:spruce_log":8,"minecraft:pumpkin_seeds":1,"minecraft:stone_axe":1,"minecraft:polished_diorite":191,"minecraft:iron_helmet":1,"minecraft:cherry_sapling":77,"minecraft:gray_wool":1,"minecraft:black_wool":6,"minecraft:coal":819}},"DataVersion":3955}