{"stats":{"minecraft:killed_by":{"minecraft:creeper":1},"minecraft:used":{"minecraft:cherry_sapling":33,"minecraft:iron_shovel":6125,"minecraft:chest":2,"minecraft:carrot":79,"minecraft:snowball":23,"minecraft:obsidian":1,"minecraft:glass":123,"minecraft:dark_oak_boat":9,"minecraft:furnace":12,"minecraft:beetroot_seeds":1,"minecraft:egg":2,"minecraft:dark_oak_sapling":2,"minecraft:diorite":1,"minecraft:stone_pickaxe":1551,"minecraft:oak_planks":3,"minecraft:wooden_pickaxe":1,"minecraft:sandstone":8,"minecraft:black_bed":1,"minecraft:pumpkin_seeds":1,"minecraft:dark_oak_log":1,"minecraft:bread":65,"minecraft:polished_granite":637,"minecraft:gravel":17,"minecraft:diamond_sword":31,"minecraft:andesite":23,"minecraft:stone_sword":2,"minecraft:tropical_fish":1,"minecraft:stone_shovel":1339,"minecraft:spruce_planks":10,"minecraft:cooked_salmon":11,"minecraft:cooked_chicken":1,"minecraft:torch":166,"minecraft:dirt":504,"minecraft:polished_diorite":420,"minecraft:iron_hoe":152,"minecraft:dark_oak_planks":15,"minecraft:iron_axe":480,"minecraft:rooted_dirt":5,"minecraft:jungle_log":5,"minecraft:bamboo":128,"minecraft:light_gray_wool":1,"minecraft:beef":2,"minecraft:cooked_beef":11,"minecraft:golden_axe":64,"minecraft:cobbled_deepslate_wall":60,"minecraft:wheat_seeds":26,"minecraft:cooked_mutton":18,"minecraft:snow_block":2,"minecraft:birch_planks":137,"minecraft:baked_potato":8,"minecraft:cherry_planks":70,"minecraft:salmon":1,"minecraft:crafting_table":10,"minecraft:oak_log":3,"minecraft:wooden_hoe":177,"minecraft:diamond_pickaxe":1982,"minecraft:apple":1,"minecraft:chicken":2,"minecraft:iron_pickaxe":3617,"minecraft:stone_axe":181,"minecraft:pink_bed":77,"minecraft:chiseled_stone_bricks":7,"minecraft:cobblestone":112,"minecraft:cooked_porkchop":2,"minecraft:porkchop":1,"minecraft:gray_wool":1,"minecraft:smooth_stone":291},"minecraft:dropped":{"minecraft:iron_sword":1,"minecraft:moss_block":1,"minecraft:ominous_bottle":1,"minecraft:oak_log":99,"minecraft:baked_potato":7,"minecraft:glow_berries":1,"minecraft:black_bed":9,"minecraft:rail":5,"minecraft:flint":2,"minecraft:dirt":53,"minecraft:dark_oak_log":217,"minecraft:sand":27,"minecraft:iron_pickaxe":6,"minecraft:dark_oak_boat":1,"minecraft:birch_log":51,"minecraft:white_wool":6,"minecraft:gold_ingot":3,"minecraft:gravel":6,"minecraft:stone_axe":1,"minecraft:pink_bed":4,"minecraft:obsidian":13,"minecraft:rotten_flesh":11,"minecraft:cooked_mutton":1,"minecraft:jungle_log":17,"minecraft:azalea":1,"minecraft:arrow":1,"minecraft:polished_granite":206,"minecraft:iron_ingot":60,"minecraft:wheat_seeds":4,"minecraft:cobblestone":24,"minecraft:lead":3,"minecraft:granite":311,"minecraft:coal":23,"minecraft:diorite":65,"minecraft:torch":64,"minecraft:cherry_planks":128,"minecraft:cooked_salmon":2,"minecraft:flowering_azalea":1,"minecraft:iron_axe":1,"minecraft:smooth_stone":65,"minecraft:iron_shovel":4,"minecraft:string":4,"minecraft:bucket":1,"minecraft:spruce_sapling":1,"minecraft:polished_diorite":134,"minecraft:bricks":3,"minecraft:moss_carpet":4,"minecraft:stone_sword":1,"minecraft:raw_copper":12,"minecraft:stone_shovel":2,"minecraft:raw_iron":1,"minecraft:clay_ball":115,"minecraft:diamond_sword":1,"minecraft:big_dripleaf":14,"minecraft:peony":1,"minecraft:diamond_pickaxe":2,"minecraft:oak_sapling":3,"minecraft:stone_pickaxe":8,"minecraft:wooden_pickaxe":3,"minecraft:black_wool":2},"minecraft:picked_up":{"minecraft:iron_chestplate":3,"minecraft:wheat":57,"minecraft:diamond_sword":2,"minecraft:lead":2,"minecraft:enchanted_book":1,"minecraft:string":4,"minecraft:raw_copper":82,"minecraft:iron_leggings":2,"minecraft:beetroot":1,"minecraft:cobbled_deepslate":459,"minecraft:smooth_stone":54,"minecraft:bucket":1,"minecraft:spruce_planks":30,"minecraft:azalea":1,"minecraft:iron_pickaxe":11,"minecraft:iron_boots":2,"minecraft:furnace":6,"minecraft:stick":110,"minecraft:big_dripleaf":15,"minecraft:oak_fence":3,"minecraft:torch":244,"minecraft:porkchop":6,"minecraft:cherry_log":66,"minecraft:diorite":822,"minecraft:rotten_flesh":15,"minecraft:tropical_fish":1,"minecraft:obsidian":16,"minecraft:snowball":23,"minecraft:cobblestone":5637,"minecraft:birch_log":179,"minecraft:pink_petals":4,"minecraft:cooked_beef":2,"minecraft:feather":6,"minecraft:lilac":1,"minecraft:cherry_planks":6,"minecraft:andesite":123,"minecraft:jungle_log":22,"minecraft:black_bed":10,"minecraft:dark_oak_boat":10,"minecraft:flint":28,"minecraft:lapis_lazuli":25,"minecraft:dirt":9998,"minecraft:polished_granite":210,"minecraft:glass":110,"minecraft:bone":6,"minecraft:bow":1,"minecraft:cobbled_deepslate_wall":60,"minecraft:wheat_seeds":352,"minecraft:raw_gold":6,"minecraft:bamboo":139,"minecraft:moss_block":1,"minecraft:oak_planks":25,"minecraft:cooked_porkchop":2,"minecraft:jungle_planks":1,"minecraft:sand":411,"minecraft:dark_oak_log":218,"minecraft:polished_andesite":5,"minecraft:diamond":24,"minecraft:granite":425,"minecraft:golden_horse_armor":1,"minecraft:bread":11,"minecraft:rooted_dirt":21,"minecraft:oak_sapling":5,"minecraft:bricks":3,"minecraft:diamond_pickaxe":5,"minecraft:cocoa_beans":28,"minecraft:coarse_dirt":12,"minecraft:crafting_table":11,"minecraft:azure_bluet":1,"minecraft:ominous_bottle":2,"minecraft:chicken":3,"minecraft:clay_ball":148,"minecraft:wooden_pickaxe":2,"minecraft:gold_block":1,"minecraft:stripped_cherry_log":1,"minecraft:shield":1,"minecraft:cornflower":2,"minecraft:moss_carpet":4,"minecraft:iron_axe":2,"minecraft:iron_shovel":22,"minecraft:blue_orchid":10,"minecraft:beef":2,"minecraft:jungle_sapling":5,"minecraft:poppy":1,"minecraft:light_gray_wool":1,"minecraft:sugar_cane":2,"minecraft:birch_sapling":2,"minecraft:egg":3,"minecraft:dark_oak_sapling":10,"minecraft:raw_iron":118,"minecraft:sandstone":9,"minecraft:carrot":199,"minecraft:dark_oak_planks":89,"minecraft:arrow":21,"minecraft:beetroot_seeds":3,"minecraft:peony":2,"minecraft:saddle":1,"minecraft:glow_berries":7,"minecraft:mutton":11,"minecraft:white_wool":18,"minecraft:rail":7,"minecraft:oxeye_daisy":1,"minecraft:salmon":7,"minecraft:leather":14,"minecraft:red_mushroom":4,"minecraft:filled_map":1,"minecraft:birch_planks":15,"minecraft:oak_log":123,"minecraft:white_banner":2,"minecraft:apple":2,"minecraft:kelp":14,"minecraft:stone_pickaxe":7,"minecraft:iron_ingot":83,"minecraft:iron_sword":2,"minecraft:flowering_azalea":1,"minecraft:pink_bed":82,"minecraft:dark_oak_slab":16,"minecraft:pumpkin":42,"minecraft:chiseled_stone_bricks":12,"minecraft:dandelion":7,"minecraft:gravel":32,"minecraft:birch_stairs":1,"minecraft:spruce_sapling":2,"minecraft:spruce_log":8,"minecraft:pumpkin_seeds":1,"minecraft:stone_axe":1,"minecraft:polished_diorite":195,"minecraft:iron_helmet":2,"minecraft:cherry_sapling":77,"minecraft:gray_wool":1,"minecraft:baked_potato":77,"minecraft:black_wool":6,"minecraft:coal":856,"minecraft:sunflower":23},"minecraft:killed":{"minecraft:chicken":3,"minecraft:pig":3,"minecraft:salmon":9,"minecraft:sheep":7,"minecraft:pillager":1,"minecraft:zombie":4,"minecraft:cow":1},"minecraft:broken":{"minecraft:iron_shovel":25,"minecraft:stone_pickaxe":12,"minecraft:stone_axe":1,"minecraft:stone_shovel":10,"minecraft:golden_axe":2,"minecraft:iron_axe":1,"minecraft:iron_pickaxe":14,"minecraft:wooden_hoe":3},"minecraft:custom":{"minecraft:animals_bred":1,"minecraft:interact_with_crafting_table":61,"minecraft:leave_game":7,"minecraft:time_since_death":11231,"minecraft:sprint_one_cm":1823281,"minecraft:drop":157,"minecraft:talked_to_villager":4,"minecraft:play_time":1206141,"minecraft:deaths":2,"minecraft:jump":10696,"minecraft:walk_on_water_one_cm":158651,"minecraft:interact_with_furnace":258,"minecraft:interact_with_cartography_table":1,"minecraft:sleep_in_bed":86,"minecraft:damage_dealt":3063,"minecraft:crouch_one_cm":2253,"minecraft:horse_one_cm":2280,"minecraft:mob_kills":28,"minecraft:climb_one_cm":3590,"minecraft:walk_one_cm":3118622,"minecraft:sneak_time":3849,"minecraft:walk_under_water_one_cm":82500,"minecraft:boat_one_cm":1529394,"minecraft:interact_with_blast_furnace":1,"minecraft:total_world_time":1206141,"minecraft:interact_with_stonecutter":9,"minecraft:time_since_rest":11317,"minecraft:damage_taken":4150,"minecraft:swim_one_cm":209241,"minecraft:fly_one_cm":1131929,"minecraft:open_chest":450,"minecraft:fall_one_cm":199535},"minecraft:mined":{"minecraft:dark_oak_planks":15,"minecraft:spruce_planks":29,"minecraft:farmland":2,"minecraft:pink_bed":74,"minecraft:cherry_log":17,"minecraft:cave_vines_plant":2,"minecraft:granite":446,"minecraft:grass_block":4044,"minecraft:jungle_log":26,"minecraft:polished_diorite":95,"minecraft:oxeye_daisy":1,"minecraft:chiseled_stone_bricks":12,"minecraft:smooth_stone":70,"minecraft:tall_seagrass":3,"minecraft:iron_ore":110,"minecraft:fire":3,"minecraft:pumpkin":43,"minecraft:azure_bluet":1,"minecraft:cave_vines":11,"minecraft:dirt_path":3,"minecraft:blue_orchid":10,"minecraft:cut_sandstone":2,"minecraft:kelp_plant":1,"minecraft:clay":8,"minecraft:torch":1,"minecraft:poppy":2,"minecraft:mushroom_stem":3,"minecraft:glass":3,"minecraft:cobblestone":47,"minecraft:bricks":3,"minecraft:sugar_cane":2,"minecraft:oak_planks":3,"minecraft:wall_torch":9,"minecraft:deepslate_copper_ore":1,"minecraft:seagrass":1,"minecraft:birch_log":136,"minecraft:wheat":66,"minecraft:lilac":2,"minecraft:black_bed":6,"minecraft:oak_log":58,"minecraft:dark_oak_sapling":1,"minecraft:sand":393,"minecraft:dirt":3263,"minecraft:red_mushroom_block":8,"minecraft:oak_leaves":27,"minecraft:deepslate":470,"minecraft:attached_pumpkin_stem":1,"minecraft:dark_oak_leaves":12,"minecraft:stripped_cherry_log":1,"minecraft:cherry_sapling":15,"minecraft:dark_oak_log":108,"minecraft:glow_lichen":2,"minecraft:allium":1,"minecraft:brown_mushroom_block":2,"minecraft:spruce_leaves":3,"minecraft:moss_block":2,"minecraft:rooted_dirt":18,"minecraft:sandstone":10,"minecraft:furnace":2,"minecraft:carrots":54,"minecraft:snow":2,"minecraft:andesite":109,"minecraft:peony":1,"minecraft:big_dripleaf_stem":1,"minecraft:deepslate_iron_ore":7,"minecraft:vine":9,"minecraft:bamboo_sapling":19,"minecraft:bamboo":38,"minecraft:stone":4225,"minecraft:cherry_planks":4,"minecraft:dandelion":6,"minecraft:polished_granite":41,"minecraft:crafting_table":7,"minecraft:cobbled_deepslate_wall":2,"minecraft:cornflower":2,"minecraft:short_grass":182,"minecraft:tall_grass":18,"minecraft:copper_ore":16,"minecraft:deepslate_gold_ore":6,"minecraft:lapis_ore":4,"minecraft:diorite":574,"minecraft:birch_planks":10,"minecraft:coarse_dirt":6,"minecraft:spruce_log":8,"minecraft:birch_leaves":12,"minecraft:coal_ore":656,"minecraft:cocoa":4,"minecraft:cherry_leaves":5,"minecraft:sunflower":25,"minecraft:gravel":8,"minecraft:gold_ore":1},"minecraft:crafted":{"minecraft:smooth_stone":990,"minecraft:oak_planks":84,"minecraft:cooked_chicken":1,"minecraft:stone":407,"minecraft:cooked_mutton":19,"minecraft:glass":448,"minecraft:chest":2,"minecraft:chiseled_stone_bricks":2,"minecraft:crafting_table":2,"minecraft:wooden_pickaxe":1,"minecraft:wooden_hoe":3,"minecraft:shield":1,"minecraft:stick":80,"minecraft:iron_ingot":26,"minecraft:iron_pickaxe":11,"minecraft:stone_sword":1,"minecraft:cherry_planks":268,"minecraft:stone_shovel":12,"minecraft:furnace":6,"minecraft:polished_diorite":540,"minecraft:iron_axe":2,"minecraft:iron_hoe":1,"minecraft:stone_pickaxe":14,"minecraft:cooked_beef":9,"minecraft:diamond_sword":1,"minecraft:cooked_salmon":6,"minecraft:stone_axe":1,"minecraft:air":0,"minecraft:iron_shovel":7,"minecraft:torch":28}},"DataVersion":3955}