{"stats":{"minecraft:dropped":{"minecraft:stone_pickaxe":1,"minecraft:white_wool":6},"minecraft:used":{"minecraft:oak_log":3,"minecraft:cooked_mutton":3,"minecraft:tropical_fish":1,"minecraft:chicken":2,"minecraft:stone_pickaxe":182,"minecraft:gravel":1,"minecraft:stone_axe":10,"minecraft:pink_bed":1,"minecraft:dark_oak_boat":1,"minecraft:dirt":31,"minecraft:cobblestone":4,"minecraft:beef":2,"minecraft:porkchop":1},"minecraft:crafted":{"minecraft:oak_planks":8,"minecraft:stick":4,"minecraft:cooked_mutton":7},"minecraft:picked_up":{"minecraft:pink_bed":2,"minecraft:dark_oak_sapling":1,"minecraft:iron_chestplate":1,"minecraft:lilac":1,"minecraft:feather":3,"minecraft:chicken":2,"minecraft:cooked_porkchop":2,"minecraft:dark_oak_boat":1,"minecraft:leather":2,"minecraft:torch":16,"minecraft:red_mushroom":2,"minecraft:gravel":1,"minecraft:porkchop":3,"minecraft:oak_log":5,"minecraft:diorite":1,"minecraft:dirt":32,"minecraft:tropical_fish":1,"minecraft:peony":1,"minecraft:stone_axe":1,"minecraft:wheat_seeds":1,"minecraft:beef":2,"minecraft:stone_pickaxe":4,"minecraft:black_wool":1,"minecraft:mutton":7,"minecraft:white_wool":6,"minecraft:cobblestone":114,"minecraft:furnace":1},"minecraft:mined":{"minecraft:pink_bed":2,"minecraft:dark_oak_leaves":2,"minecraft:lilac":1,"minecraft:birch_leaves":3,"minecraft:peony":1,"minecraft:short_grass":5,"minecraft:grass_block":8,"minecraft:oak_log":6,"minecraft:gravel":1,"minecraft:dirt":25,"minecraft:mushroom_stem":3,"minecraft:brown_mushroom_block":2,"minecraft:red_mushroom_block":5,"minecraft:stone":113,"minecraft:diorite":1,"minecraft:oak_leaves":1},"minecraft:killed":{"minecraft:sheep":4,"minecraft:pig":2,"minecraft:chicken":2,"minecraft:cow":1},"minecraft:broken":{"minecraft:stone_pickaxe":1},"minecraft:custom":{"minecraft:time_since_rest":5187,"minecraft:interact_with_furnace":6,"minecraft:sprint_one_cm":70077,"minecraft:damage_taken":140,"minecraft:walk_one_cm":151467,"minecraft:mob_kills":9,"minecraft:drop":3,"minecraft:damage_dealt":789,"minecraft:swim_one_cm":8954,"minecraft:interact_with_crafting_table":3,"minecraft:fly_one_cm":21609,"minecraft:crouch_one_cm":9,"minecraft:play_time":41532,"minecraft:boat_one_cm":82637,"minecraft:sneak_time":203,"minecraft:walk_under_water_one_cm":7161,"minecraft:jump":607,"minecraft:walk_on_water_one_cm":8552,"minecraft:time_since_death":41532,"minecraft:sleep_in_bed":1,"minecraft:total_world_time":41532,"minecraft:fall_one_cm":12405}},"DataVersion":3955}