{"stats":{"minecraft:used":{"minecraft:cooked_mutton":7,"minecraft:stone_sword":2,"minecraft:iron_shovel":4072,"minecraft:tropical_fish":1,"minecraft:stone_pickaxe":1420,"minecraft:stone_shovel":1335,"minecraft:oak_planks":1,"minecraft:cooked_salmon":2,"minecraft:torch":4,"minecraft:dirt":146,"minecraft:iron_hoe":90,"minecraft:oak_log":3,"minecraft:wooden_hoe":177,"minecraft:dark_oak_planks":15,"minecraft:diamond_pickaxe":1982,"minecraft:chicken":2,"minecraft:iron_pickaxe":750,"minecraft:gravel":1,"minecraft:stone_axe":181,"minecraft:pink_bed":7,"minecraft:diamond_sword":8,"minecraft:dark_oak_boat":1,"minecraft:cobblestone":49,"minecraft:beef":2,"minecraft:furnace":1,"minecraft:porkchop":1,"minecraft:cooked_porkchop":2,"minecraft:cooked_beef":4},"minecraft:crafted":{"minecraft:cooked_beef":2,"minecraft:oak_planks":32,"minecraft:diamond_sword":1,"minecraft:stone_shovel":12,"minecraft:crafting_table":1,"minecraft:cooked_salmon":6,"minecraft:stone_axe":1,"minecraft:cooked_mutton":7,"minecraft:wooden_hoe":3,"minecraft:iron_hoe":1,"minecraft:stick":56,"minecraft:stone_pickaxe":11,"minecraft:stone_sword":1},"minecraft:dropped":{"minecraft:ominous_bottle":1,"minecraft:stone_sword":1,"minecraft:raw_iron":1,"minecraft:rotten_flesh":1,"minecraft:peony":1,"minecraft:diamond_pickaxe":2,"minecraft:cooked_salmon":2,"minecraft:stone_pickaxe":2,"minecraft:iron_pickaxe":1,"minecraft:iron_shovel":3,"minecraft:white_wool":6},"minecraft:custom":{"minecraft:interact_with_furnace":17,"minecraft:mob_kills":18,"minecraft:interact_with_crafting_table":20,"minecraft:leave_game":2,"minecraft:time_since_death":318500,"minecraft:sleep_in_bed":23,"minecraft:time_since_rest":8,"minecraft:sprint_one_cm":337632,"minecraft:damage_taken":667,"minecraft:walk_one_cm":884183,"minecraft:drop":17,"minecraft:damage_dealt":1472,"minecraft:swim_one_cm":31814,"minecraft:fly_one_cm":159808,"minecraft:open_chest":80,"minecraft:crouch_one_cm":407,"minecraft:play_time":318500,"minecraft:sneak_time":277,"minecraft:walk_under_water_one_cm":16753,"minecraft:boat_one_cm":133034,"minecraft:jump":1814,"minecraft:walk_on_water_one_cm":20474,"minecraft:total_world_time":318500,"minecraft:fall_one_cm":26808},"minecraft:picked_up":{"minecraft:iron_chestplate":2,"minecraft:coarse_dirt":6,"minecraft:lilac":1,"minecraft:feather":3,"minecraft:cooked_beef":2,"minecraft:ominous_bottle":1,"minecraft:chicken":2,"minecraft:salmon":6,"minecraft:leather":2,"minecraft:dark_oak_boat":2,"minecraft:red_mushroom":2,"minecraft:oak_log":11,"minecraft:dirt":5487,"minecraft:raw_copper":42,"minecraft:iron_leggings":1,"minecraft:iron_shovel":19,"minecraft:bone":4,"minecraft:wheat_seeds":107,"minecraft:iron_ingot":64,"minecraft:stone_pickaxe":5,"minecraft:beef":2,"minecraft:iron_pickaxe":4,"minecraft:sugar_cane":1,"minecraft:oak_planks":19,"minecraft:iron_boots":1,"minecraft:furnace":1,"minecraft:dark_oak_sapling":1,"minecraft:pink_bed":7,"minecraft:stick":3,"minecraft:raw_iron":5,"minecraft:cooked_porkchop":2,"minecraft:torch":100,"minecraft:gravel":3,"minecraft:porkchop":3,"minecraft:diorite":1,"minecraft:dark_oak_planks":79,"minecraft:arrow":4,"minecraft:rotten_flesh":2,"minecraft:peony":2,"minecraft:tropical_fish":1,"minecraft:stone_axe":1,"minecraft:iron_helmet":1,"minecraft:oak_sapling":1,"minecraft:black_wool":1,"minecraft:mutton":7,"minecraft:coal":139,"minecraft:white_wool":6,"minecraft:cobblestone":3710,"minecraft:diamond_pickaxe":4},"minecraft:broken":{"minecraft:stone_pickaxe":11,"minecraft:iron_shovel":16,"minecraft:stone_axe":1,"minecraft:iron_pickaxe":3,"minecraft:wooden_hoe":3,"minecraft:stone_shovel":10},"minecraft:killed":{"minecraft:pig":2,"minecraft:salmon":8,"minecraft:sheep":4,"minecraft:pillager":1,"minecraft:chicken":2,"minecraft:cow":1},"minecraft:mined":{"minecraft:dark_oak_planks":15,"minecraft:pink_bed":8,"minecraft:dark_oak_leaves":2,"minecraft:short_grass":104,"minecraft:grass_block":3153,"minecraft:poppy":1,"minecraft:mushroom_stem":3,"minecraft:brown_mushroom_block":2,"minecraft:tall_grass":12,"minecraft:copper_ore":13,"minecraft:cobblestone":27,"minecraft:spruce_leaves":1,"minecraft:oak_planks":1,"minecraft:sugar_cane":1,"minecraft:diorite":1,"minecraft:coarse_dirt":6,"minecraft:iron_ore":4,"minecraft:lilac":1,"minecraft:birch_leaves":3,"minecraft:peony":1,"minecraft:oak_log":8,"minecraft:coal_ore":76,"minecraft:gravel":3,"minecraft:dirt":2438,"minecraft:red_mushroom_block":5,"minecraft:stone":3859,"minecraft:oak_leaves":1}},"DataVersion":3955}