{"stats":{"minecraft:dropped":{"minecraft:wheat_seeds":1,"minecraft:ominous_bottle":1,"minecraft:oak_log":99,"minecraft:lead":3,"minecraft:cobblestone":16,"minecraft:glow_berries":1,"minecraft:black_bed":5,"minecraft:granite":311,"minecraft:rail":5,"minecraft:coal":23,"minecraft:flint":2,"minecraft:dark_oak_log":217,"minecraft:diorite":65,"minecraft:torch":64,"minecraft:cooked_salmon":2,"minecraft:iron_axe":1,"minecraft:iron_pickaxe":5,"minecraft:iron_shovel":3,"minecraft:string":4,"minecraft:birch_log":51,"minecraft:dark_oak_boat":1,"minecraft:white_wool":6,"minecraft:gravel":6,"minecraft:polished_diorite":134,"minecraft:stone_axe":1,"minecraft:pink_bed":2,"minecraft:stone_sword":1,"minecraft:raw_iron":1,"minecraft:stone_shovel":2,"minecraft:rotten_flesh":1,"minecraft:clay_ball":12,"minecraft:cooked_mutton":1,"minecraft:peony":1,"minecraft:diamond_pickaxe":2,"minecraft:jungle_log":17,"minecraft:oak_sapling":2,"minecraft:arrow":1,"minecraft:stone_pickaxe":5,"minecraft:black_wool":2},"minecraft:mined":{"minecraft:attached_pumpkin_stem":1,"minecraft:dark_oak_planks":15,"minecraft:farmland":2,"minecraft:pink_bed":26,"minecraft:dark_oak_leaves":12,"minecraft:dark_oak_log":108,"minecraft:glow_lichen":2,"minecraft:cave_vines_plant":2,"minecraft:granite":334,"minecraft:grass_block":3176,"minecraft:jungle_log":26,"minecraft:brown_mushroom_block":2,"minecraft:polished_diorite":87,"minecraft:spruce_leaves":2,"minecraft:chiseled_stone_bricks":12,"minecraft:smooth_stone":16,"minecraft:furnace":2,"minecraft:carrots":54,"minecraft:iron_ore":91,"minecraft:andesite":16,"minecraft:pumpkin":43,"minecraft:peony":1,"minecraft:cave_vines":11,"minecraft:vine":9,"minecraft:bamboo_sapling":19,"minecraft:bamboo":37,"minecraft:stone":4104,"minecraft:polished_granite":41,"minecraft:clay":3,"minecraft:crafting_table":3,"minecraft:torch":1,"minecraft:short_grass":120,"minecraft:poppy":1,"minecraft:mushroom_stem":3,"minecraft:copper_ore":16,"minecraft:tall_grass":12,"minecraft:cobblestone":42,"minecraft:lapis_ore":4,"minecraft:sugar_cane":1,"minecraft:oak_planks":1,"minecraft:diorite":351,"minecraft:wall_torch":9,"minecraft:deepslate_copper_ore":1,"minecraft:birch_planks":1,"minecraft:coarse_dirt":6,"minecraft:birch_log":20,"minecraft:wheat":66,"minecraft:lilac":1,"minecraft:spruce_log":8,"minecraft:birch_leaves":5,"minecraft:black_bed":3,"minecraft:oak_log":45,"minecraft:coal_ore":433,"minecraft:cocoa":4,"minecraft:dark_oak_sapling":1,"minecraft:gravel":6,"minecraft:dirt":2468,"minecraft:red_mushroom_block":8,"minecraft:gold_ore":1,"minecraft:oak_leaves":18,"minecraft:deepslate":469},"minecraft:crafted":{"minecraft:smooth_stone":434,"minecraft:oak_planks":32,"minecraft:stone_shovel":12,"minecraft:cooked_chicken":1,"minecraft:furnace":5,"minecraft:stone":167,"minecraft:cooked_mutton":19,"minecraft:polished_diorite":520,"minecraft:iron_axe":2,"minecraft:iron_hoe":1,"minecraft:stone_pickaxe":14,"minecraft:chiseled_stone_bricks":2,"minecraft:cooked_beef":9,"minecraft:diamond_sword":1,"minecraft:crafting_table":1,"minecraft:cooked_salmon":6,"minecraft:stone_axe":1,"minecraft:wooden_hoe":3,"minecraft:stick":68,"minecraft:iron_pickaxe":7,"minecraft:stone_sword":1,"minecraft:iron_shovel":1,"minecraft:torch":8},"minecraft:used":{"minecraft:stone_sword":2,"minecraft:iron_shovel":4108,"minecraft:tropical_fish":1,"minecraft:stone_shovel":1339,"minecraft:cooked_salmon":4,"minecraft:cooked_chicken":1,"minecraft:torch":105,"minecraft:dirt":198,"minecraft:carrot":79,"minecraft:snowball":21,"minecraft:polished_diorite":186,"minecraft:iron_hoe":152,"minecraft:dark_oak_planks":15,"minecraft:iron_axe":310,"minecraft:jungle_log":5,"minecraft:bamboo":115,"minecraft:light_gray_wool":1,"minecraft:beef":2,"minecraft:dark_oak_boat":4,"minecraft:furnace":8,"minecraft:beetroot_seeds":1,"minecraft:cooked_beef":11,"minecraft:cobbled_deepslate_wall":2,"minecraft:dark_oak_sapling":2,"minecraft:wheat_seeds":26,"minecraft:cooked_mutton":16,"minecraft:diorite":1,"minecraft:stone_pickaxe":1491,"minecraft:oak_planks":1,"minecraft:crafting_table":5,"minecraft:black_bed":1,"minecraft:pumpkin_seeds":1,"minecraft:oak_log":3,"minecraft:wooden_hoe":177,"minecraft:diamond_pickaxe":1982,"minecraft:dark_oak_log":1,"minecraft:bread":4,"minecraft:chicken":2,"minecraft:iron_pickaxe":2755,"minecraft:polished_granite":637,"minecraft:gravel":16,"minecraft:stone_axe":181,"minecraft:pink_bed":26,"minecraft:chiseled_stone_bricks":7,"minecraft:diamond_sword":12,"minecraft:cobblestone":74,"minecraft:porkchop":1,"minecraft:cooked_porkchop":2,"minecraft:gray_wool":1,"minecraft:smooth_stone":89},"minecraft:killed":{"minecraft:chicken":3,"minecraft:pig":3,"minecraft:salmon":8,"minecraft:sheep":7,"minecraft:pillager":1,"minecraft:cow":1},"minecraft:custom":{"minecraft:mob_kills":23,"minecraft:interact_with_crafting_table":38,"minecraft:leave_game":4,"minecraft:time_since_death":732520,"minecraft:climb_one_cm":1867,"minecraft:sprint_one_cm":785235,"minecraft:walk_one_cm":1982872,"minecraft:drop":92,"minecraft:talked_to_villager":1,"minecraft:play_time":732520,"minecraft:sneak_time":808,"minecraft:walk_under_water_one_cm":54020,"minecraft:boat_one_cm":353255,"minecraft:jump":5374,"minecraft:walk_on_water_one_cm":90360,"minecraft:total_world_time":732520,"minecraft:interact_with_furnace":170,"minecraft:interact_with_stonecutter":6,"minecraft:sleep_in_bed":44,"minecraft:time_since_rest":79314,"minecraft:damage_taken":1385,"minecraft:damage_dealt":2125,"minecraft:swim_one_cm":61912,"minecraft:fly_one_cm":413863,"minecraft:open_chest":270,"minecraft:crouch_one_cm":1689,"minecraft:fall_one_cm":96726,"minecraft:horse_one_cm":2280},"minecraft:broken":{"minecraft:iron_shovel":16,"minecraft:stone_pickaxe":11,"minecraft:iron_axe":1,"minecraft:stone_axe":1,"minecraft:iron_pickaxe":11,"minecraft:wooden_hoe":3,"minecraft:stone_shovel":10},"minecraft:picked_up":{"minecraft:crafting_table":7,"minecraft:cocoa_beans":28,"minecraft:iron_chestplate":2,"minecraft:coarse_dirt":12,"minecraft:wheat":57,"minecraft:ominous_bottle":2,"minecraft:chicken":3,"minecraft:clay_ball":12,"minecraft:lead":2,"minecraft:gold_block":1,"minecraft:enchanted_book":1,"minecraft:string":4,"minecraft:raw_copper":82,"minecraft:iron_axe":1,"minecraft:iron_leggings":1,"minecraft:iron_shovel":19,"minecraft:beetroot":1,"minecraft:cobbled_deepslate":458,"minecraft:smooth_stone":21,"minecraft:beef":2,"minecraft:jungle_sapling":5,"minecraft:iron_pickaxe":8,"minecraft:light_gray_wool":1,"minecraft:sugar_cane":1,"minecraft:furnace":3,"minecraft:iron_boots":1,"minecraft:egg":1,"minecraft:dark_oak_sapling":10,"minecraft:stick":27,"minecraft:raw_iron":92,"minecraft:oak_fence":3,"minecraft:torch":183,"minecraft:porkchop":6,"minecraft:diorite":600,"minecraft:carrot":199,"minecraft:dark_oak_planks":85,"minecraft:arrow":21,"minecraft:rotten_flesh":4,"minecraft:tropical_fish":1,"minecraft:beetroot_seeds":3,"minecraft:peony":2,"minecraft:saddle":1,"minecraft:glow_berries":7,"minecraft:obsidian":2,"minecraft:mutton":11,"minecraft:rail":7,"minecraft:snowball":21,"minecraft:white_wool":18,"minecraft:cobblestone":5444,"minecraft:birch_log":51,"minecraft:cooked_beef":2,"minecraft:feather":6,"minecraft:lilac":1,"minecraft:andesite":13,"minecraft:salmon":6,"minecraft:jungle_log":22,"minecraft:black_bed":6,"minecraft:leather":14,"minecraft:dark_oak_boat":6,"minecraft:red_mushroom":4,"minecraft:birch_planks":6,"minecraft:flint":28,"minecraft:oak_log":110,"minecraft:lapis_lazuli":25,"minecraft:dirt":8200,"minecraft:white_banner":2,"minecraft:polished_granite":106,"minecraft:bone":6,"minecraft:apple":1,"minecraft:bow":1,"minecraft:cobbled_deepslate_wall":2,"minecraft:wheat_seeds":318,"minecraft:iron_ingot":81,"minecraft:stone_pickaxe":5,"minecraft:bamboo":126,"minecraft:oak_planks":21,"minecraft:pink_bed":29,"minecraft:dark_oak_slab":16,"minecraft:cooked_porkchop":2,"minecraft:pumpkin":42,"minecraft:chiseled_stone_bricks":12,"minecraft:gravel":31,"minecraft:jungle_planks":1,"minecraft:spruce_sapling":1,"minecraft:spruce_log":8,"minecraft:dark_oak_log":218,"minecraft:pumpkin_seeds":1,"minecraft:diamond":24,"minecraft:polished_diorite":187,"minecraft:stone_axe":1,"minecraft:iron_helmet":1,"minecraft:granite":321,"minecraft:gray_wool":1,"minecraft:golden_horse_armor":1,"minecraft:oak_sapling":3,"minecraft:black_wool":6,"minecraft:coal":630,"minecraft:diamond_pickaxe":5}},"DataVersion":3955}