{"stats":{"minecraft:picked_up":{"minecraft:birch_log":6,"minecraft:crafting_table":1,"minecraft:sweet_berries":57,"minecraft:porkchop":1,"minecraft:dirt":3,"minecraft:mutton":1,"minecraft:white_wool":1},"minecraft:mined":{"minecraft:grass_block":5,"minecraft:short_grass":2,"minecraft:dirt":1,"minecraft:birch_log":6,"minecraft:sweet_berry_bush":29,"minecraft:birch_leaves":2,"minecraft:fern":3,"minecraft:crafting_table":1},"minecraft:crafted":{"minecraft:birch_planks":24,"minecraft:crafting_table":1,"minecraft:stick":4,"minecraft:wooden_axe":1},"minecraft:killed":{"minecraft:sheep":2,"minecraft:pig":1},"minecraft:used":{"minecraft:wooden_axe":21,"minecraft:dirt":3,"minecraft:sweet_berries":7,"minecraft:crafting_table":1},"minecraft:custom":{"minecraft:time_since_rest":5145,"minecraft:crouch_one_cm":357,"minecraft:play_time":5145,"minecraft:sprint_one_cm":9547,"minecraft:damage_taken":30,"minecraft:walk_one_cm":29213,"minecraft:sneak_time":576,"minecraft:mob_kills":3,"minecraft:jump":118,"minecraft:damage_dealt":218,"minecraft:walk_on_water_one_cm":459,"minecraft:time_since_death":5145,"minecraft:total_world_time":5145,"minecraft:fall_one_cm":2328,"minecraft:interact_with_crafting_table":1,"minecraft:fly_one_cm":13359}},"DataVersion":3955}