{"stats":{"minecraft:crafted":{"minecraft:oak_planks":144,"minecraft:raw_iron":144,"minecraft:stone_shovel":1,"minecraft:dark_oak_boat":1,"minecraft:pink_bed":2,"minecraft:furnace":4,"minecraft:bone_meal":123,"minecraft:pink_dye":14,"minecraft:cooked_mutton":18,"minecraft:flint_and_steel":1,"minecraft:iron_boots":3,"minecraft:polished_diorite":28,"minecraft:iron_axe":3,"minecraft:melon_seeds":7,"minecraft:stone_pickaxe":9,"minecraft:chest":16,"minecraft:dark_oak_planks":480,"minecraft:raw_iron_block":16,"minecraft:cooked_beef":5,"minecraft:wooden_shovel":1,"minecraft:cooked_porkchop":14,"minecraft:crafting_table":5,"minecraft:iron_helmet":3,"minecraft:wooden_pickaxe":2,"minecraft:iron_sword":2,"minecraft:cooked_salmon":8,"minecraft:polished_granite":28,"minecraft:bucket":1,"minecraft:birch_planks":32,"minecraft:stone_axe":4,"minecraft:bread":1,"minecraft:air":0,"minecraft:oak_boat":1,"minecraft:dark_oak_slab":18,"minecraft:iron_chestplate":3,"minecraft:diamond_pickaxe":2,"minecraft:pink_wool":6,"minecraft:shield":3,"minecraft:stick":320,"minecraft:iron_ingot":319,"minecraft:iron_pickaxe":12,"minecraft:wooden_axe":1,"minecraft:iron_shovel":30,"minecraft:iron_leggings":3,"minecraft:gold_ingot":105,"minecraft:torch":608,"minecraft:polished_andesite":32},"minecraft:used":{"minecraft:flint_and_steel":3,"minecraft:stone_sword":20,"minecraft:iron_shovel":2761,"minecraft:stone_shovel":10,"minecraft:chest":16,"minecraft:shield":100,"minecraft:iron_sword":203,"minecraft:wooden_shovel":59,"minecraft:cooked_salmon":10,"minecraft:rotten_flesh":58,"minecraft:netherrack":2,"minecraft:torch":463,"minecraft:dirt":2351,"minecraft:carrot":22,"minecraft:polished_diorite":16,"minecraft:dark_oak_planks":20,"minecraft:wooden_axe":21,"minecraft:iron_axe":235,"minecraft:dark_oak_slab":10,"minecraft:melon_seeds":10,"minecraft:bow":9,"minecraft:dark_oak_boat":4,"minecraft:sweet_berries":53,"minecraft:oak_sapling":1,"minecraft:furnace":12,"minecraft:beetroot_seeds":24,"minecraft:cooked_beef":3,"minecraft:cobbled_deepslate":40,"minecraft:golden_axe":44,"minecraft:dark_oak_sapling":11,"minecraft:wheat_seeds":137,"minecraft:cooked_mutton":18,"minecraft:water_bucket":16,"minecraft:diorite":2,"minecraft:stone_pickaxe":308,"minecraft:polished_andesite":16,"minecraft:ender_pearl":1,"minecraft:wooden_pickaxe":14,"minecraft:sugar_cane":27,"minecraft:golden_hoe":64,"minecraft:crafting_table":29,"minecraft:dripstone_block":1,"minecraft:pumpkin_seeds":5,"minecraft:oak_log":3,"minecraft:diamond_pickaxe":432,"minecraft:apple":4,"minecraft:bread":4,"minecraft:iron_pickaxe":1710,"minecraft:polished_granite":17,"minecraft:gravel":15,"minecraft:pink_bed":23,"minecraft:stone_axe":49,"minecraft:cobblestone":147,"minecraft:cooked_porkchop":12,"minecraft:bucket":17,"minecraft:oak_boat":3,"minecraft:bone_meal":74},"minecraft:custom":{"minecraft:mob_kills":141,"minecraft:interact_with_crafting_table":72,"minecraft:leave_game":3,"minecraft:time_since_death":224713,"minecraft:climb_one_cm":0,"minecraft:sprint_one_cm":481325,"minecraft:walk_one_cm":1809248,"minecraft:damage_blocked_by_shield":4781,"minecraft:drop":78,"minecraft:play_time":375964,"minecraft:deaths":5,"minecraft:sneak_time":39169,"minecraft:walk_under_water_one_cm":22119,"minecraft:boat_one_cm":362630,"minecraft:jump":5623,"minecraft:walk_on_water_one_cm":52618,"minecraft:total_world_time":375964,"minecraft:interact_with_furnace":95,"minecraft:sleep_in_bed":21,"minecraft:time_since_rest":11097,"minecraft:damage_taken":5492,"minecraft:damage_dealt":22060,"minecraft:swim_one_cm":87065,"minecraft:fly_one_cm":782034,"minecraft:open_chest":144,"minecraft:crouch_one_cm":150946,"minecraft:fall_one_cm":114105,"minecraft:horse_one_cm":2574},"minecraft:dropped":{"minecraft:golden_boots":1,"minecraft:iron_ingot":64,"minecraft:wheat_seeds":36,"minecraft:ominous_bottle":1,"minecraft:golden_helmet":1,"minecraft:cooked_beef":2,"minecraft:cooked_porkchop":2,"minecraft:iron_helmet":1,"minecraft:cobblestone":64,"minecraft:tropical_fish":1,"minecraft:stick":3,"minecraft:dirt":64,"minecraft:torch":16,"minecraft:wooden_axe":1,"minecraft:iron_leggings":1,"minecraft:iron_pickaxe":3,"minecraft:iron_shovel":16,"minecraft:dark_oak_planks":6,"minecraft:string":1,"minecraft:white_wool":2,"minecraft:gravel":2,"minecraft:stone_axe":5,"minecraft:golden_chestplate":1,"minecraft:stone_sword":1,"minecraft:cobbled_deepslate":11,"minecraft:pink_dye":8,"minecraft:stone_shovel":2,"minecraft:light_gray_wool":1,"minecraft:oak_planks":18,"minecraft:iron_boots":1,"minecraft:diamond_pickaxe":2,"minecraft:iron_chestplate":1,"minecraft:pink_wool":6,"minecraft:golden_leggings":1,"minecraft:spider_eye":1,"minecraft:arrow":2,"minecraft:wooden_pickaxe":2,"minecraft:stone_pickaxe":9},"minecraft:broken":{"minecraft:golden_hoe":2,"minecraft:iron_shovel":10,"minecraft:wooden_shovel":1,"minecraft:stone_pickaxe":1,"minecraft:shield":1,"minecraft:iron_axe":1,"minecraft:iron_pickaxe":6},"minecraft:picked_up":{"minecraft:crafting_table":25,"minecraft:azure_bluet":7,"minecraft:ominous_bottle":3,"minecraft:clay_ball":4,"minecraft:pink_wool":6,"minecraft:gold_block":1,"minecraft:shield":1,"minecraft:cooked_salmon":2,"minecraft:cornflower":1,"minecraft:string":3,"minecraft:raw_copper":28,"minecraft:iron_axe":1,"minecraft:iron_shovel":5,"minecraft:beetroot":6,"minecraft:cobbled_deepslate":75,"minecraft:beef":14,"minecraft:oak_boat":2,"minecraft:poppy":3,"minecraft:iron_pickaxe":4,"minecraft:light_gray_wool":2,"minecraft:melon_slice":7,"minecraft:sugar_cane":27,"minecraft:furnace":8,"minecraft:egg":2,"minecraft:golden_helmet":1,"minecraft:dark_oak_sapling":16,"minecraft:stick":27,"minecraft:raw_iron":401,"minecraft:torch":153,"minecraft:porkchop":15,"minecraft:golden_axe":1,"minecraft:diorite":38,"minecraft:carrot":23,"minecraft:redstone":81,"minecraft:golden_chestplate":1,"minecraft:dark_oak_planks":36,"minecraft:stone_shovel":1,"minecraft:stone_sword":1,"minecraft:arrow":24,"minecraft:rotten_flesh":57,"minecraft:beetroot_seeds":14,"minecraft:tropical_fish":1,"minecraft:peony":7,"minecraft:saddle":1,"minecraft:mutton":35,"minecraft:oxeye_daisy":4,"minecraft:white_wool":20,"minecraft:cobblestone":1430,"minecraft:birch_log":8,"minecraft:andesite":32,"minecraft:salmon":8,"minecraft:brown_wool":2,"minecraft:dark_oak_boat":3,"minecraft:leather":13,"minecraft:golden_leggings":1,"minecraft:flint":10,"minecraft:oak_log":40,"minecraft:golden_boots":1,"minecraft:gunpowder":3,"minecraft:lapis_lazuli":61,"minecraft:dirt":2830,"minecraft:white_banner":2,"minecraft:polished_granite":17,"minecraft:bone":23,"minecraft:apple":4,"minecraft:bow":1,"minecraft:wheat_seeds":175,"minecraft:raw_gold":105,"minecraft:stone_pickaxe":1,"minecraft:iron_ingot":68,"minecraft:pink_bed":22,"minecraft:dark_oak_slab":3,"minecraft:sweet_berries":53,"minecraft:dandelion":22,"minecraft:dripstone_block":1,"minecraft:gravel":77,"minecraft:dark_oak_log":193,"minecraft:spider_eye":1,"minecraft:polished_andesite":16,"minecraft:diamond":35,"minecraft:stone_axe":1,"minecraft:granite":47,"minecraft:netherrack":2,"minecraft:oak_sapling":3,"minecraft:black_wool":3,"minecraft:coal":850,"minecraft:ender_pearl":1},"minecraft:killed":{"minecraft:endermite":1,"minecraft:spider":5,"minecraft:skeleton":17,"minecraft:pig":7,"minecraft:zombie_villager":1,"minecraft:salmon":8,"minecraft:creeper":7,"minecraft:sheep":24,"minecraft:pillager":7,"minecraft:zombie":52,"minecraft:enderman":2,"minecraft:cow":8},"minecraft:killed_by":{"minecraft:skeleton":1,"minecraft:zombie":2},"minecraft:mined":{"minecraft:farmland":4,"minecraft:pink_bed":20,"minecraft:dark_oak_leaves":7,"minecraft:deepslate_diamond_ore":35,"minecraft:dark_oak_log":151,"minecraft:granite":47,"minecraft:grass_block":1033,"minecraft:oxeye_daisy":4,"minecraft:redstone_ore":4,"minecraft:furnace":9,"minecraft:carrots":5,"minecraft:fire":3,"minecraft:iron_ore":254,"minecraft:andesite":32,"minecraft:deepslate_lapis_ore":12,"minecraft:peony":7,"minecraft:azure_bluet":7,"minecraft:gold_block":1,"minecraft:dirt_path":11,"minecraft:deepslate_iron_ore":73,"minecraft:stone":1192,"minecraft:deepslate_redstone_ore":15,"minecraft:dandelion":22,"minecraft:polished_granite":17,"minecraft:cornflower":1,"minecraft:clay":1,"minecraft:crafting_table":25,"minecraft:torch":1,"minecraft:short_grass":728,"minecraft:poppy":3,"minecraft:melon":1,"minecraft:copper_ore":7,"minecraft:tall_grass":85,"minecraft:cobblestone":33,"minecraft:deepslate_gold_ore":95,"minecraft:sugar_cane":12,"minecraft:diorite":41,"minecraft:wall_torch":4,"minecraft:dark_oak_slab":4,"minecraft:wheat":1,"minecraft:birch_log":8,"minecraft:sweet_berry_bush":23,"minecraft:birch_leaves":3,"minecraft:oak_log":44,"minecraft:coal_ore":496,"minecraft:beetroots":6,"minecraft:gravel":85,"minecraft:dirt":1421,"minecraft:polished_andesite":16,"minecraft:netherrack":2,"minecraft:gold_ore":10,"minecraft:oak_leaves":5,"minecraft:deepslate":65,"minecraft:fern":1}},"DataVersion":3955}