{"stats":{"minecraft:used":{"minecraft:flint_and_steel":13,"minecraft:stone_sword":20,"minecraft:iron_shovel":2872,"minecraft:stone_shovel":10,"minecraft:chest":16,"minecraft:shield":104,"minecraft:iron_sword":207,"minecraft:cooked_chicken":3,"minecraft:wooden_shovel":59,"minecraft:cooked_salmon":10,"minecraft:rotten_flesh":58,"minecraft:netherrack":2,"minecraft:torch":486,"minecraft:dirt":2351,"minecraft:carrot":22,"minecraft:polished_diorite":16,"minecraft:dark_oak_planks":20,"minecraft:wooden_axe":21,"minecraft:iron_axe":345,"minecraft:dark_oak_slab":10,"minecraft:melon_seeds":10,"minecraft:bow":9,"minecraft:dark_oak_boat":4,"minecraft:sweet_berries":53,"minecraft:oak_sapling":1,"minecraft:furnace":19,"minecraft:beetroot_seeds":24,"minecraft:cooked_beef":3,"minecraft:cobbled_deepslate":40,"minecraft:golden_axe":44,"minecraft:dark_oak_sapling":11,"minecraft:wheat_seeds":137,"minecraft:cooked_mutton":18,"minecraft:water_bucket":38,"minecraft:diorite":2,"minecraft:stone_pickaxe":308,"minecraft:polished_andesite":16,"minecraft:ender_pearl":1,"minecraft:wooden_pickaxe":14,"minecraft:sugar_cane":27,"minecraft:golden_hoe":64,"minecraft:crafting_table":32,"minecraft:dripstone_block":1,"minecraft:pumpkin_seeds":5,"minecraft:oak_log":3,"minecraft:diamond_pickaxe":432,"minecraft:apple":4,"minecraft:brown_wool":1,"minecraft:bread":4,"minecraft:iron_pickaxe":2367,"minecraft:polished_granite":17,"minecraft:gravel":15,"minecraft:pink_bed":26,"minecraft:stone_axe":49,"minecraft:cobblestone":157,"minecraft:cooked_porkchop":13,"minecraft:bucket":39,"minecraft:oak_boat":3,"minecraft:bone_meal":74},"minecraft:crafted":{"minecraft:coal":99,"minecraft:oak_planks":144,"minecraft:raw_iron":144,"minecraft:stone_shovel":1,"minecraft:dark_oak_boat":1,"minecraft:pink_bed":2,"minecraft:cooked_chicken":3,"minecraft:furnace":7,"minecraft:bone_meal":123,"minecraft:pink_dye":14,"minecraft:cooked_mutton":28,"minecraft:flint_and_steel":1,"minecraft:iron_boots":3,"minecraft:polished_diorite":28,"minecraft:iron_axe":3,"minecraft:melon_seeds":7,"minecraft:stone_pickaxe":9,"minecraft:chest":16,"minecraft:dark_oak_planks":480,"minecraft:raw_iron_block":16,"minecraft:cooked_beef":5,"minecraft:coal_block":37,"minecraft:wooden_shovel":1,"minecraft:cooked_porkchop":14,"minecraft:crafting_table":6,"minecraft:iron_helmet":3,"minecraft:wooden_pickaxe":2,"minecraft:iron_sword":2,"minecraft:cooked_salmon":8,"minecraft:polished_granite":28,"minecraft:bucket":1,"minecraft:birch_planks":32,"minecraft:stone_axe":4,"minecraft:bread":1,"minecraft:air":0,"minecraft:oak_boat":1,"minecraft:dark_oak_slab":18,"minecraft:iron_chestplate":3,"minecraft:diamond_pickaxe":2,"minecraft:pink_wool":6,"minecraft:shield":3,"minecraft:stick":320,"minecraft:iron_ingot":319,"minecraft:iron_pickaxe":15,"minecraft:wooden_axe":1,"minecraft:iron_shovel":30,"minecraft:iron_leggings":3,"minecraft:gold_ingot":105,"minecraft:torch":612,"minecraft:polished_andesite":32},"minecraft:custom":{"minecraft:mob_kills":150,"minecraft:interact_with_crafting_table":84,"minecraft:leave_game":3,"minecraft:time_since_death":272713,"minecraft:climb_one_cm":0,"minecraft:sprint_one_cm":535442,"minecraft:walk_one_cm":1963677,"minecraft:damage_blocked_by_shield":5021,"minecraft:drop":98,"minecraft:play_time":423964,"minecraft:deaths":5,"minecraft:sneak_time":45815,"minecraft:walk_under_water_one_cm":23691,"minecraft:boat_one_cm":362630,"minecraft:jump":6157,"minecraft:walk_on_water_one_cm":63959,"minecraft:total_world_time":423964,"minecraft:interact_with_furnace":138,"minecraft:sleep_in_bed":23,"minecraft:time_since_rest":32613,"minecraft:damage_taken":5611,"minecraft:damage_dealt":22814,"minecraft:swim_one_cm":90719,"minecraft:fly_one_cm":838687,"minecraft:open_chest":144,"minecraft:crouch_one_cm":177027,"minecraft:fall_one_cm":121762,"minecraft:horse_one_cm":2574},"minecraft:dropped":{"minecraft:golden_boots":1,"minecraft:iron_ingot":64,"minecraft:iron_sword":1,"minecraft:wheat_seeds":39,"minecraft:ominous_bottle":1,"minecraft:golden_helmet":1,"minecraft:cooked_beef":2,"minecraft:glow_berries":1,"minecraft:dark_oak_sapling":6,"minecraft:cooked_porkchop":2,"minecraft:feather":2,"minecraft:iron_helmet":1,"minecraft:cobblestone":66,"minecraft:apple":1,"minecraft:tropical_fish":1,"minecraft:stick":3,"minecraft:dirt":64,"minecraft:diorite":195,"minecraft:torch":16,"minecraft:wooden_axe":1,"minecraft:iron_leggings":1,"minecraft:iron_pickaxe":4,"minecraft:iron_shovel":16,"minecraft:dark_oak_planks":6,"minecraft:string":1,"minecraft:white_wool":2,"minecraft:gravel":88,"minecraft:stone_axe":5,"minecraft:golden_chestplate":1,"minecraft:stone_sword":1,"minecraft:cobbled_deepslate":11,"minecraft:pink_dye":8,"minecraft:stone_shovel":2,"minecraft:clay_ball":2,"minecraft:light_gray_wool":1,"minecraft:oak_planks":18,"minecraft:iron_boots":1,"minecraft:diamond_pickaxe":2,"minecraft:iron_chestplate":1,"minecraft:pink_wool":6,"minecraft:oak_sapling":1,"minecraft:golden_leggings":1,"minecraft:spider_eye":1,"minecraft:arrow":2,"minecraft:wooden_pickaxe":2,"minecraft:stone_pickaxe":9},"minecraft:broken":{"minecraft:golden_hoe":2,"minecraft:iron_shovel":11,"minecraft:wooden_shovel":1,"minecraft:stone_pickaxe":1,"minecraft:shield":1,"minecraft:iron_axe":1,"minecraft:iron_pickaxe":8},"minecraft:picked_up":{"minecraft:crafting_table":27,"minecraft:chicken":3,"minecraft:azure_bluet":7,"minecraft:ominous_bottle":3,"minecraft:clay_ball":6,"minecraft:pink_wool":6,"minecraft:gold_block":1,"minecraft:shield":1,"minecraft:cooked_salmon":2,"minecraft:cornflower":1,"minecraft:string":3,"minecraft:raw_copper":28,"minecraft:iron_axe":1,"minecraft:iron_shovel":5,"minecraft:beetroot":6,"minecraft:cobbled_deepslate":75,"minecraft:beef":14,"minecraft:oak_boat":2,"minecraft:poppy":3,"minecraft:iron_pickaxe":4,"minecraft:light_gray_wool":2,"minecraft:melon_slice":7,"minecraft:sugar_cane":27,"minecraft:furnace":15,"minecraft:egg":2,"minecraft:golden_helmet":1,"minecraft:dark_oak_sapling":22,"minecraft:stick":28,"minecraft:raw_iron":409,"minecraft:torch":153,"minecraft:porkchop":17,"minecraft:golden_axe":1,"minecraft:diorite":232,"minecraft:carrot":23,"minecraft:redstone":81,"minecraft:golden_chestplate":1,"minecraft:dark_oak_planks":36,"minecraft:stone_shovel":1,"minecraft:stone_sword":1,"minecraft:arrow":24,"minecraft:rotten_flesh":57,"minecraft:beetroot_seeds":14,"minecraft:tropical_fish":1,"minecraft:peony":7,"minecraft:saddle":1,"minecraft:glow_berries":1,"minecraft:mutton":41,"minecraft:oxeye_daisy":4,"minecraft:white_wool":23,"minecraft:cobblestone":1466,"minecraft:birch_log":31,"minecraft:feather":2,"minecraft:andesite":32,"minecraft:salmon":8,"minecraft:brown_wool":2,"minecraft:dark_oak_boat":3,"minecraft:leather":13,"minecraft:golden_leggings":1,"minecraft:flint":21,"minecraft:oak_log":80,"minecraft:golden_boots":1,"minecraft:gunpowder":3,"minecraft:lapis_lazuli":61,"minecraft:dirt":2830,"minecraft:white_banner":2,"minecraft:polished_granite":17,"minecraft:cooked_mutton":5,"minecraft:bone":23,"minecraft:apple":5,"minecraft:bow":1,"minecraft:wheat_seeds":177,"minecraft:raw_gold":105,"minecraft:stone_pickaxe":1,"minecraft:iron_ingot":84,"minecraft:pink_bed":25,"minecraft:dark_oak_slab":3,"minecraft:cooked_porkchop":8,"minecraft:sweet_berries":53,"minecraft:dandelion":22,"minecraft:dripstone_block":1,"minecraft:gravel":163,"minecraft:dark_oak_log":382,"minecraft:spider_eye":1,"minecraft:polished_andesite":16,"minecraft:diamond":35,"minecraft:stone_axe":1,"minecraft:granite":676,"minecraft:netherrack":2,"minecraft:oak_sapling":4,"minecraft:black_wool":5,"minecraft:coal":1183,"minecraft:ender_pearl":1},"minecraft:killed":{"minecraft:endermite":1,"minecraft:spider":5,"minecraft:skeleton":18,"minecraft:chicken":3,"minecraft:pig":8,"minecraft:zombie_villager":1,"minecraft:salmon":8,"minecraft:creeper":7,"minecraft:sheep":28,"minecraft:pillager":7,"minecraft:zombie":52,"minecraft:enderman":2,"minecraft:cow":8},"minecraft:killed_by":{"minecraft:skeleton":1,"minecraft:zombie":2},"minecraft:mined":{"minecraft:farmland":4,"minecraft:pink_bed":22,"minecraft:dark_oak_leaves":9,"minecraft:deepslate_diamond_ore":35,"minecraft:dark_oak_log":234,"minecraft:granite":347,"minecraft:grass_block":1033,"minecraft:oxeye_daisy":4,"minecraft:redstone_ore":4,"minecraft:furnace":16,"minecraft:carrots":5,"minecraft:fire":13,"minecraft:iron_ore":262,"minecraft:andesite":32,"minecraft:deepslate_lapis_ore":12,"minecraft:peony":7,"minecraft:azure_bluet":7,"minecraft:gold_block":1,"minecraft:cave_vines":2,"minecraft:dirt_path":11,"minecraft:deepslate_iron_ore":73,"minecraft:stone":1232,"minecraft:deepslate_redstone_ore":15,"minecraft:dandelion":22,"minecraft:polished_granite":17,"minecraft:cornflower":1,"minecraft:clay":1,"minecraft:crafting_table":27,"minecraft:torch":1,"minecraft:short_grass":732,"minecraft:poppy":3,"minecraft:melon":1,"minecraft:copper_ore":7,"minecraft:tall_grass":90,"minecraft:cobblestone":33,"minecraft:deepslate_gold_ore":95,"minecraft:sugar_cane":12,"minecraft:diorite":233,"minecraft:wall_torch":4,"minecraft:dark_oak_slab":4,"minecraft:wheat":1,"minecraft:birch_log":14,"minecraft:sweet_berry_bush":23,"minecraft:birch_leaves":4,"minecraft:oak_log":51,"minecraft:coal_ore":605,"minecraft:beetroots":6,"minecraft:gravel":195,"minecraft:dirt":1421,"minecraft:polished_andesite":16,"minecraft:netherrack":2,"minecraft:gold_ore":10,"minecraft:oak_leaves":15,"minecraft:deepslate":65,"minecraft:fern":1}},"DataVersion":3955}