{"stats":{"minecraft:picked_up":{"minecraft:birch_log":6,"minecraft:stick":8,"minecraft:crafting_table":2,"minecraft:sweet_berries":86,"minecraft:black_bed":2,"minecraft:brown_wool":1,"minecraft:gravel":7,"minecraft:porkchop":10,"minecraft:spruce_sapling":1,"minecraft:white_bed":2,"minecraft:spruce_log":4,"minecraft:cornflower":1,"minecraft:mossy_cobblestone":2,"minecraft:dirt":97,"minecraft:rotten_flesh":2,"minecraft:wheat_seeds":1,"minecraft:stone_pickaxe":1,"minecraft:rabbit":1,"minecraft:black_wool":3,"minecraft:mutton":22,"minecraft:coal":36,"minecraft:snowball":17,"minecraft:white_wool":14,"minecraft:cobblestone":30},"minecraft:mined":{"minecraft:large_fern":1,"minecraft:white_bed":2,"minecraft:snow_block":3,"minecraft:birch_log":6,"minecraft:snow":5,"minecraft:sweet_berry_bush":32,"minecraft:spruce_log":1,"minecraft:birch_leaves":2,"minecraft:powder_snow":24,"minecraft:black_bed":1,"minecraft:crafting_table":2,"minecraft:short_grass":2,"minecraft:coal_ore":24,"minecraft:grass_block":12,"minecraft:dirt":36,"minecraft:spruce_leaves":2,"minecraft:stone":26,"minecraft:fern":4},"minecraft:crafted":{"minecraft:cobblestone_slab":12,"minecraft:stone_shovel":1,"minecraft:crafting_table":1,"minecraft:spruce_planks":4,"minecraft:stick":16,"minecraft:wooden_pickaxe":1,"minecraft:stone_pickaxe":3,"minecraft:wooden_axe":1,"minecraft:black_bed":1,"minecraft:white_bed":1,"minecraft:birch_planks":24,"minecraft:stone_axe":2},"minecraft:killed":{"minecraft:sheep":18,"minecraft:zombie":1,"minecraft:pig":6},"minecraft:used":{"minecraft:wooden_axe":48,"minecraft:rabbit":1,"minecraft:stone_pickaxe":45,"minecraft:stone_shovel":60,"minecraft:wooden_pickaxe":6,"minecraft:stone_axe":5,"minecraft:dirt":5,"minecraft:mutton":14,"minecraft:crafting_table":2,"minecraft:sweet_berries":57,"minecraft:porkchop":10,"minecraft:white_bed":2,"minecraft:black_bed":1,"minecraft:snowball":2},"minecraft:dropped":{"minecraft:birch_planks":4,"minecraft:black_bed":1,"minecraft:stone_pickaxe":1},"minecraft:broken":{"minecraft:wooden_axe":1},"minecraft:custom":{"minecraft:time_since_rest":4325,"minecraft:sprint_one_cm":139656,"minecraft:damage_taken":800,"minecraft:walk_one_cm":139204,"minecraft:mob_kills":25,"minecraft:drop":3,"minecraft:damage_dealt":2219,"minecraft:swim_one_cm":80385,"minecraft:interact_with_crafting_table":6,"minecraft:fly_one_cm":182249,"minecraft:crouch_one_cm":1725,"minecraft:play_time":41145,"minecraft:sneak_time":1524,"minecraft:walk_under_water_one_cm":5973,"minecraft:jump":1215,"minecraft:time_since_death":41145,"minecraft:walk_on_water_one_cm":10511,"minecraft:sleep_in_bed":1,"minecraft:total_world_time":41145,"minecraft:fall_one_cm":31199}},"DataVersion":3955}