{"stats":{"minecraft:dropped":{"minecraft:stone_axe":2,"minecraft:pink_dye":8,"minecraft:cooked_porkchop":2,"minecraft:iron_helmet":1,"minecraft:iron_boots":1,"minecraft:tropical_fish":1,"minecraft:torch":16,"minecraft:iron_chestplate":1,"minecraft:pink_wool":6,"minecraft:iron_leggings":1,"minecraft:stone_pickaxe":3,"minecraft:iron_pickaxe":3,"minecraft:iron_shovel":15},"minecraft:used":{"minecraft:cooked_mutton":8,"minecraft:iron_shovel":323,"minecraft:stone_pickaxe":202,"minecraft:chest":8,"minecraft:wooden_pickaxe":11,"minecraft:shield":19,"minecraft:cooked_salmon":8,"minecraft:rotten_flesh":16,"minecraft:torch":135,"minecraft:dirt":2208,"minecraft:crafting_table":10,"minecraft:oak_log":3,"minecraft:apple":3,"minecraft:iron_axe":89,"minecraft:iron_pickaxe":583,"minecraft:stone_axe":29,"minecraft:pink_bed":9,"minecraft:cobblestone":109,"minecraft:dark_oak_boat":3,"minecraft:furnace":7,"minecraft:bone_meal":3,"minecraft:golden_axe":44,"minecraft:dark_oak_sapling":4},"minecraft:crafted":{"minecraft:oak_planks":68,"minecraft:cooked_porkchop":2,"minecraft:dark_oak_boat":1,"minecraft:crafting_table":2,"minecraft:pink_bed":2,"minecraft:iron_helmet":1,"minecraft:wooden_pickaxe":1,"minecraft:furnace":3,"minecraft:cooked_salmon":8,"minecraft:bone_meal":3,"minecraft:stone_axe":3,"minecraft:pink_dye":14,"minecraft:cooked_mutton":11,"minecraft:air":0,"minecraft:iron_boots":1,"minecraft:iron_chestplate":1,"minecraft:pink_wool":6,"minecraft:shield":1,"minecraft:iron_axe":1,"minecraft:stick":144,"minecraft:iron_ingot":127,"minecraft:iron_pickaxe":8,"minecraft:stone_pickaxe":8,"minecraft:iron_leggings":1,"minecraft:chest":8,"minecraft:iron_shovel":20,"minecraft:dark_oak_planks":148,"minecraft:torch":228},"minecraft:picked_up":{"minecraft:crafting_table":9,"minecraft:clay_ball":4,"minecraft:salmon":8,"minecraft:leather":3,"minecraft:brown_wool":1,"minecraft:dark_oak_boat":2,"minecraft:pink_wool":6,"minecraft:gold_block":1,"minecraft:oak_log":20,"minecraft:string":2,"minecraft:dirt":323,"minecraft:raw_copper":20,"minecraft:bone":4,"minecraft:apple":4,"minecraft:wheat_seeds":59,"minecraft:cobbled_deepslate":7,"minecraft:raw_gold":45,"minecraft:beef":7,"minecraft:iron_ingot":4,"minecraft:light_gray_wool":1,"minecraft:furnace":4,"minecraft:pink_bed":7,"minecraft:raw_iron":191,"minecraft:dark_oak_sapling":9,"minecraft:stick":10,"minecraft:torch":5,"minecraft:diorite":7,"minecraft:redstone":17,"minecraft:dark_oak_log":79,"minecraft:arrow":7,"minecraft:rotten_flesh":10,"minecraft:diamond":1,"minecraft:tropical_fish":1,"minecraft:peony":7,"minecraft:granite":17,"minecraft:oak_sapling":1,"minecraft:mutton":11,"minecraft:coal":367,"minecraft:white_wool":9,"minecraft:cobblestone":326},"minecraft:mined":{"minecraft:pink_bed":6,"minecraft:deepslate_diamond_ore":1,"minecraft:dark_oak_leaves":1,"minecraft:dark_oak_log":79,"minecraft:clay":1,"minecraft:crafting_table":9,"minecraft:granite":17,"minecraft:short_grass":372,"minecraft:grass_block":179,"minecraft:tall_grass":28,"minecraft:copper_ore":6,"minecraft:cobblestone":32,"minecraft:deepslate_gold_ore":36,"minecraft:diorite":9,"minecraft:wall_torch":4,"minecraft:redstone_ore":4,"minecraft:furnace":5,"minecraft:iron_ore":114,"minecraft:birch_leaves":2,"minecraft:gold_block":1,"minecraft:peony":7,"minecraft:oak_log":24,"minecraft:coal_ore":245,"minecraft:deepslate_iron_ore":17,"minecraft:dirt":164,"minecraft:stone":290,"minecraft:deepslate":8,"minecraft:gold_ore":9,"minecraft:oak_leaves":3},"minecraft:killed":{"minecraft:salmon":8,"minecraft:spider":1,"minecraft:sheep":8,"minecraft:skeleton":5,"minecraft:zombie":10,"minecraft:cow":4},"minecraft:broken":{"minecraft:stone_pickaxe":1,"minecraft:iron_shovel":1,"minecraft:iron_pickaxe":2},"minecraft:custom":{"minecraft:interact_with_furnace":46,"minecraft:mob_kills":36,"minecraft:interact_with_crafting_table":31,"minecraft:time_since_death":130572,"minecraft:sleep_in_bed":8,"minecraft:climb_one_cm":0,"minecraft:time_since_rest":14652,"minecraft:sprint_one_cm":206640,"minecraft:damage_taken":1284,"minecraft:walk_one_cm":639317,"minecraft:damage_blocked_by_shield":953,"minecraft:drop":32,"minecraft:damage_dealt":4146,"minecraft:swim_one_cm":26019,"minecraft:fly_one_cm":348625,"minecraft:open_chest":40,"minecraft:crouch_one_cm":31994,"minecraft:play_time":131932,"minecraft:deaths":1,"minecraft:sneak_time":10947,"minecraft:walk_under_water_one_cm":4811,"minecraft:boat_one_cm":137698,"minecraft:jump":2330,"minecraft:walk_on_water_one_cm":13812,"minecraft:total_world_time":131932,"minecraft:fall_one_cm":55829}},"DataVersion":3955}