{"stats":{"minecraft:crafted":{"minecraft:oak_planks":120,"minecraft:stone_shovel":1,"minecraft:dark_oak_boat":1,"minecraft:pink_bed":2,"minecraft:furnace":4,"minecraft:bone_meal":36,"minecraft:pink_dye":14,"minecraft:cooked_mutton":18,"minecraft:iron_boots":3,"minecraft:iron_axe":3,"minecraft:stone_pickaxe":9,"minecraft:chest":8,"minecraft:dark_oak_planks":480,"minecraft:raw_iron_block":16,"minecraft:cooked_beef":5,"minecraft:wooden_shovel":1,"minecraft:cooked_porkchop":14,"minecraft:crafting_table":5,"minecraft:iron_helmet":3,"minecraft:wooden_pickaxe":2,"minecraft:iron_sword":1,"minecraft:cooked_salmon":8,"minecraft:birch_planks":32,"minecraft:bucket":1,"minecraft:stone_axe":4,"minecraft:bread":1,"minecraft:air":0,"minecraft:oak_boat":1,"minecraft:iron_chestplate":3,"minecraft:diamond_pickaxe":1,"minecraft:pink_wool":6,"minecraft:shield":3,"minecraft:stick":276,"minecraft:iron_ingot":161,"minecraft:iron_pickaxe":10,"minecraft:wooden_axe":1,"minecraft:iron_shovel":20,"minecraft:iron_leggings":3,"minecraft:torch":608},"minecraft:used":{"minecraft:stone_sword":20,"minecraft:iron_shovel":532,"minecraft:stone_shovel":10,"minecraft:chest":8,"minecraft:shield":80,"minecraft:iron_sword":168,"minecraft:wooden_shovel":59,"minecraft:cooked_salmon":8,"minecraft:rotten_flesh":58,"minecraft:torch":463,"minecraft:dirt":2300,"minecraft:dark_oak_planks":20,"minecraft:wooden_axe":21,"minecraft:iron_axe":205,"minecraft:bow":9,"minecraft:dark_oak_boat":3,"minecraft:sweet_berries":53,"minecraft:oak_sapling":1,"minecraft:furnace":11,"minecraft:cooked_beef":3,"minecraft:cobbled_deepslate":40,"minecraft:golden_axe":44,"minecraft:dark_oak_sapling":11,"minecraft:cooked_mutton":18,"minecraft:water_bucket":3,"minecraft:stone_pickaxe":308,"minecraft:ender_pearl":1,"minecraft:wooden_pickaxe":14,"minecraft:sugar_cane":9,"minecraft:crafting_table":24,"minecraft:dripstone_block":1,"minecraft:oak_log":3,"minecraft:diamond_pickaxe":41,"minecraft:apple":4,"minecraft:bread":4,"minecraft:iron_pickaxe":1384,"minecraft:gravel":15,"minecraft:pink_bed":18,"minecraft:stone_axe":49,"minecraft:cobblestone":147,"minecraft:cooked_porkchop":7,"minecraft:bucket":4,"minecraft:oak_boat":3,"minecraft:bone_meal":10},"minecraft:custom":{"minecraft:mob_kills":117,"minecraft:interact_with_crafting_table":56,"minecraft:leave_game":2,"minecraft:time_since_death":122782,"minecraft:climb_one_cm":0,"minecraft:sprint_one_cm":393389,"minecraft:walk_one_cm":1198226,"minecraft:damage_blocked_by_shield":3941,"minecraft:drop":53,"minecraft:play_time":274033,"minecraft:deaths":5,"minecraft:sneak_time":30114,"minecraft:walk_under_water_one_cm":22116,"minecraft:boat_one_cm":324600,"minecraft:jump":4689,"minecraft:walk_on_water_one_cm":45462,"minecraft:total_world_time":274033,"minecraft:interact_with_furnace":79,"minecraft:sleep_in_bed":15,"minecraft:time_since_rest":34851,"minecraft:damage_taken":5184,"minecraft:damage_dealt":19216,"minecraft:swim_one_cm":86788,"minecraft:fly_one_cm":596692,"minecraft:open_chest":74,"minecraft:crouch_one_cm":92462,"minecraft:fall_one_cm":99721},"minecraft:dropped":{"minecraft:golden_boots":1,"minecraft:golden_helmet":1,"minecraft:cooked_beef":2,"minecraft:cooked_porkchop":2,"minecraft:iron_helmet":1,"minecraft:cobblestone":64,"minecraft:tropical_fish":1,"minecraft:torch":16,"minecraft:wooden_axe":1,"minecraft:iron_leggings":1,"minecraft:iron_pickaxe":3,"minecraft:iron_shovel":16,"minecraft:string":1,"minecraft:white_wool":2,"minecraft:stone_axe":3,"minecraft:golden_chestplate":1,"minecraft:stone_sword":1,"minecraft:cobbled_deepslate":11,"minecraft:pink_dye":8,"minecraft:stone_shovel":1,"minecraft:light_gray_wool":1,"minecraft:iron_boots":1,"minecraft:diamond_pickaxe":1,"minecraft:iron_chestplate":1,"minecraft:pink_wool":6,"minecraft:golden_leggings":1,"minecraft:spider_eye":1,"minecraft:arrow":2,"minecraft:wooden_pickaxe":1,"minecraft:stone_pickaxe":4},"minecraft:broken":{"minecraft:iron_shovel":2,"minecraft:wooden_shovel":1,"minecraft:stone_pickaxe":1,"minecraft:shield":1,"minecraft:iron_axe":1,"minecraft:iron_pickaxe":5},"minecraft:picked_up":{"minecraft:crafting_table":21,"minecraft:azure_bluet":1,"minecraft:clay_ball":4,"minecraft:pink_wool":6,"minecraft:gold_block":1,"minecraft:shield":1,"minecraft:string":3,"minecraft:raw_copper":20,"minecraft:iron_axe":1,"minecraft:iron_shovel":5,"minecraft:cobbled_deepslate":75,"minecraft:beef":7,"minecraft:oak_boat":2,"minecraft:iron_pickaxe":4,"minecraft:light_gray_wool":2,"minecraft:sugar_cane":9,"minecraft:furnace":8,"minecraft:egg":2,"minecraft:golden_helmet":1,"minecraft:dark_oak_sapling":16,"minecraft:stick":26,"minecraft:raw_iron":401,"minecraft:torch":89,"minecraft:porkchop":12,"minecraft:golden_axe":1,"minecraft:diorite":37,"minecraft:carrot":2,"minecraft:redstone":81,"minecraft:golden_chestplate":1,"minecraft:dark_oak_planks":36,"minecraft:stone_sword":1,"minecraft:arrow":24,"minecraft:rotten_flesh":57,"minecraft:tropical_fish":1,"minecraft:peony":7,"minecraft:saddle":1,"minecraft:mutton":18,"minecraft:white_wool":11,"minecraft:cobblestone":614,"minecraft:birch_log":8,"minecraft:andesite":32,"minecraft:salmon":8,"minecraft:dark_oak_boat":2,"minecraft:brown_wool":1,"minecraft:leather":6,"minecraft:golden_leggings":1,"minecraft:oak_log":34,"minecraft:golden_boots":1,"minecraft:gunpowder":3,"minecraft:lapis_lazuli":61,"minecraft:dirt":935,"minecraft:bone":23,"minecraft:apple":4,"minecraft:bow":1,"minecraft:wheat_seeds":117,"minecraft:raw_gold":105,"minecraft:iron_ingot":68,"minecraft:pink_bed":17,"minecraft:sweet_berries":53,"minecraft:dandelion":1,"minecraft:dripstone_block":1,"minecraft:gravel":15,"minecraft:dark_oak_log":193,"minecraft:spider_eye":1,"minecraft:diamond":35,"minecraft:granite":47,"minecraft:oak_sapling":2,"minecraft:black_wool":2,"minecraft:coal":844,"minecraft:ender_pearl":1},"minecraft:killed":{"minecraft:endermite":1,"minecraft:spider":5,"minecraft:skeleton":17,"minecraft:pig":5,"minecraft:zombie_villager":1,"minecraft:salmon":8,"minecraft:creeper":7,"minecraft:sheep":13,"minecraft:zombie":52,"minecraft:cow":4,"minecraft:enderman":2},"minecraft:killed_by":{"minecraft:skeleton":1,"minecraft:zombie":2},"minecraft:mined":{"minecraft:pink_bed":16,"minecraft:dark_oak_leaves":7,"minecraft:deepslate_diamond_ore":35,"minecraft:dark_oak_log":151,"minecraft:granite":47,"minecraft:grass_block":250,"minecraft:redstone_ore":4,"minecraft:furnace":9,"minecraft:iron_ore":254,"minecraft:andesite":32,"minecraft:deepslate_lapis_ore":12,"minecraft:azure_bluet":1,"minecraft:peony":7,"minecraft:gold_block":1,"minecraft:deepslate_iron_ore":73,"minecraft:stone":518,"minecraft:deepslate_redstone_ore":15,"minecraft:dandelion":1,"minecraft:clay":1,"minecraft:crafting_table":21,"minecraft:torch":1,"minecraft:short_grass":396,"minecraft:tall_grass":39,"minecraft:copper_ore":6,"minecraft:cobblestone":33,"minecraft:deepslate_gold_ore":95,"minecraft:sugar_cane":3,"minecraft:diorite":39,"minecraft:wall_torch":4,"minecraft:birch_log":8,"minecraft:sweet_berry_bush":23,"minecraft:birch_leaves":3,"minecraft:oak_log":38,"minecraft:coal_ore":491,"minecraft:gravel":15,"minecraft:dirt":383,"minecraft:gold_ore":10,"minecraft:oak_leaves":5,"minecraft:deepslate":65,"minecraft:fern":1}},"DataVersion":3955}