{"stats":{"minecraft:dropped":{"minecraft:stone_axe":1,"minecraft:pink_dye":8,"minecraft:cooked_porkchop":2,"minecraft:tropical_fish":1,"minecraft:torch":16,"minecraft:iron_chestplate":1,"minecraft:pink_wool":6,"minecraft:stone_pickaxe":3,"minecraft:iron_shovel":3},"minecraft:used":{"minecraft:cooked_mutton":3,"minecraft:stone_pickaxe":202,"minecraft:chest":8,"minecraft:wooden_pickaxe":11,"minecraft:shield":4,"minecraft:cooked_salmon":4,"minecraft:torch":17,"minecraft:dirt":14,"minecraft:crafting_table":8,"minecraft:apple":2,"minecraft:iron_pickaxe":274,"minecraft:stone_axe":29,"minecraft:pink_bed":6,"minecraft:cobblestone":70,"minecraft:dark_oak_boat":3,"minecraft:furnace":5,"minecraft:bone_meal":3,"minecraft:golden_axe":38,"minecraft:dark_oak_sapling":4},"minecraft:crafted":{"minecraft:oak_planks":24,"minecraft:cooked_porkchop":2,"minecraft:dark_oak_boat":1,"minecraft:crafting_table":2,"minecraft:pink_bed":2,"minecraft:wooden_pickaxe":1,"minecraft:furnace":3,"minecraft:cooked_salmon":8,"minecraft:bone_meal":3,"minecraft:stone_axe":3,"minecraft:pink_dye":14,"minecraft:cooked_mutton":5,"minecraft:air":0,"minecraft:iron_chestplate":1,"minecraft:pink_wool":6,"minecraft:shield":1,"minecraft:iron_axe":1,"minecraft:stick":40,"minecraft:iron_ingot":21,"minecraft:iron_pickaxe":2,"minecraft:stone_pickaxe":8,"minecraft:chest":8,"minecraft:iron_shovel":3,"minecraft:dark_oak_planks":148,"minecraft:torch":32},"minecraft:picked_up":{"minecraft:crafting_table":7,"minecraft:clay_ball":4,"minecraft:salmon":8,"minecraft:brown_wool":1,"minecraft:dark_oak_boat":2,"minecraft:pink_wool":6,"minecraft:gold_block":1,"minecraft:oak_log":6,"minecraft:string":2,"minecraft:dirt":18,"minecraft:raw_copper":20,"minecraft:bone":1,"minecraft:apple":2,"minecraft:wheat_seeds":4,"minecraft:beef":2,"minecraft:iron_ingot":2,"minecraft:light_gray_wool":1,"minecraft:furnace":3,"minecraft:pink_bed":5,"minecraft:raw_iron":30,"minecraft:dark_oak_sapling":4,"minecraft:stick":3,"minecraft:torch":1,"minecraft:diorite":7,"minecraft:dark_oak_log":37,"minecraft:arrow":2,"minecraft:tropical_fish":1,"minecraft:peony":7,"minecraft:granite":17,"minecraft:mutton":5,"minecraft:coal":241,"minecraft:white_wool":5,"minecraft:cobblestone":254},"minecraft:mined":{"minecraft:pink_bed":4,"minecraft:dark_oak_leaves":1,"minecraft:dark_oak_log":37,"minecraft:clay":1,"minecraft:crafting_table":7,"minecraft:granite":17,"minecraft:short_grass":19,"minecraft:grass_block":11,"minecraft:copper_ore":6,"minecraft:cobblestone":22,"minecraft:diorite":7,"minecraft:furnace":4,"minecraft:iron_ore":23,"minecraft:birch_leaves":2,"minecraft:gold_block":1,"minecraft:peony":7,"minecraft:oak_log":10,"minecraft:coal_ore":170,"minecraft:dirt":6,"minecraft:stone":235,"minecraft:oak_leaves":3},"minecraft:killed":{"minecraft:salmon":8,"minecraft:spider":1,"minecraft:sheep":4,"minecraft:skeleton":2,"minecraft:cow":1},"minecraft:broken":{"minecraft:stone_pickaxe":1,"minecraft:iron_pickaxe":1},"minecraft:custom":{"minecraft:interact_with_furnace":30,"minecraft:mob_kills":16,"minecraft:interact_with_crafting_table":25,"minecraft:time_since_death":70572,"minecraft:sleep_in_bed":4,"minecraft:climb_one_cm":0,"minecraft:time_since_rest":8052,"minecraft:sprint_one_cm":111536,"minecraft:damage_taken":620,"minecraft:walk_one_cm":248824,"minecraft:damage_blocked_by_shield":210,"minecraft:drop":13,"minecraft:damage_dealt":1055,"minecraft:swim_one_cm":26019,"minecraft:fly_one_cm":177537,"minecraft:open_chest":17,"minecraft:crouch_one_cm":20634,"minecraft:play_time":71932,"minecraft:deaths":1,"minecraft:sneak_time":7884,"minecraft:walk_under_water_one_cm":4811,"minecraft:boat_one_cm":137698,"minecraft:jump":1221,"minecraft:walk_on_water_one_cm":13812,"minecraft:total_world_time":71932,"minecraft:fall_one_cm":29787}},"DataVersion":3955}