{"stats":{"minecraft:killed":{"minecraft:spider":4,"minecraft:skeleton":6,"minecraft:pig":5,"minecraft:salmon":8,"minecraft:creeper":3,"minecraft:sheep":13,"minecraft:zombie":29,"minecraft:enderman":2,"minecraft:cow":4},"minecraft:mined":{"minecraft:pink_bed":14,"minecraft:dark_oak_leaves":7,"minecraft:deepslate_diamond_ore":1,"minecraft:dark_oak_log":151,"minecraft:granite":47,"minecraft:grass_block":250,"minecraft:redstone_ore":4,"minecraft:furnace":8,"minecraft:iron_ore":215,"minecraft:azure_bluet":1,"minecraft:peony":7,"minecraft:gold_block":1,"minecraft:deepslate_iron_ore":17,"minecraft:stone":494,"minecraft:dandelion":1,"minecraft:clay":1,"minecraft:crafting_table":17,"minecraft:short_grass":396,"minecraft:tall_grass":39,"minecraft:copper_ore":6,"minecraft:cobblestone":32,"minecraft:deepslate_gold_ore":36,"minecraft:sugar_cane":3,"minecraft:diorite":39,"minecraft:wall_torch":4,"minecraft:birch_log":8,"minecraft:sweet_berry_bush":23,"minecraft:birch_leaves":3,"minecraft:oak_log":38,"minecraft:coal_ore":469,"minecraft:gravel":15,"minecraft:dirt":383,"minecraft:gold_ore":9,"minecraft:oak_leaves":5,"minecraft:deepslate":8,"minecraft:fern":1},"minecraft:killed_by":{"minecraft:skeleton":1,"minecraft:zombie":2},"minecraft:used":{"minecraft:stone_sword":20,"minecraft:iron_shovel":532,"minecraft:stone_shovel":10,"minecraft:chest":8,"minecraft:shield":37,"minecraft:iron_sword":28,"minecraft:wooden_shovel":59,"minecraft:cooked_salmon":8,"minecraft:rotten_flesh":36,"minecraft:torch":221,"minecraft:dirt":2293,"minecraft:wooden_axe":21,"minecraft:dark_oak_planks":20,"minecraft:iron_axe":201,"minecraft:dark_oak_boat":3,"minecraft:sweet_berries":26,"minecraft:furnace":10,"minecraft:oak_sapling":1,"minecraft:cooked_beef":2,"minecraft:golden_axe":44,"minecraft:dark_oak_sapling":11,"minecraft:cooked_mutton":14,"minecraft:stone_pickaxe":308,"minecraft:wooden_pickaxe":14,"minecraft:sugar_cane":9,"minecraft:crafting_table":20,"minecraft:oak_log":3,"minecraft:apple":4,"minecraft:iron_pickaxe":1072,"minecraft:stone_axe":49,"minecraft:pink_bed":16,"minecraft:cobblestone":109,"minecraft:bucket":1,"minecraft:oak_boat":3,"minecraft:bone_meal":10},"minecraft:broken":{"minecraft:iron_shovel":2,"minecraft:wooden_shovel":1,"minecraft:stone_pickaxe":1,"minecraft:iron_axe":1,"minecraft:iron_pickaxe":3},"minecraft:crafted":{"minecraft:oak_planks":80,"minecraft:stone_shovel":1,"minecraft:dark_oak_boat":1,"minecraft:pink_bed":2,"minecraft:furnace":4,"minecraft:bone_meal":36,"minecraft:pink_dye":14,"minecraft:cooked_mutton":18,"minecraft:iron_boots":3,"minecraft:iron_axe":3,"minecraft:stone_pickaxe":9,"minecraft:chest":8,"minecraft:dark_oak_planks":480,"minecraft:cooked_beef":5,"minecraft:wooden_shovel":1,"minecraft:cooked_porkchop":14,"minecraft:crafting_table":5,"minecraft:wooden_pickaxe":2,"minecraft:iron_helmet":3,"minecraft:iron_sword":1,"minecraft:cooked_salmon":8,"minecraft:bucket":1,"minecraft:birch_planks":32,"minecraft:stone_axe":4,"minecraft:air":0,"minecraft:oak_boat":1,"minecraft:iron_chestplate":3,"minecraft:pink_wool":6,"minecraft:shield":2,"minecraft:stick":196,"minecraft:iron_ingot":161,"minecraft:iron_pickaxe":9,"minecraft:wooden_axe":1,"minecraft:iron_shovel":20,"minecraft:iron_leggings":3,"minecraft:torch":324},"minecraft:dropped":{"minecraft:golden_boots":1,"minecraft:golden_helmet":1,"minecraft:cooked_beef":2,"minecraft:cooked_porkchop":2,"minecraft:iron_helmet":1,"minecraft:tropical_fish":1,"minecraft:torch":16,"minecraft:wooden_axe":1,"minecraft:iron_leggings":1,"minecraft:iron_pickaxe":3,"minecraft:iron_shovel":16,"minecraft:white_wool":2,"minecraft:stone_axe":3,"minecraft:golden_chestplate":1,"minecraft:stone_sword":1,"minecraft:pink_dye":8,"minecraft:stone_shovel":1,"minecraft:light_gray_wool":1,"minecraft:iron_boots":1,"minecraft:iron_chestplate":1,"minecraft:pink_wool":6,"minecraft:golden_leggings":1,"minecraft:wooden_pickaxe":1,"minecraft:stone_pickaxe":4},"minecraft:custom":{"minecraft:mob_kills":74,"minecraft:interact_with_crafting_table":49,"minecraft:leave_game":1,"minecraft:time_since_death":64255,"minecraft:climb_one_cm":0,"minecraft:sprint_one_cm":348555,"minecraft:walk_one_cm":899419,"minecraft:damage_blocked_by_shield":1913,"minecraft:drop":47,"minecraft:play_time":215506,"minecraft:deaths":5,"minecraft:sneak_time":23741,"minecraft:walk_under_water_one_cm":15996,"minecraft:boat_one_cm":324600,"minecraft:jump":3586,"minecraft:walk_on_water_one_cm":27105,"minecraft:total_world_time":215506,"minecraft:interact_with_furnace":76,"minecraft:sleep_in_bed":13,"minecraft:time_since_rest":455,"minecraft:damage_taken":3397,"minecraft:damage_dealt":11288,"minecraft:swim_one_cm":60094,"minecraft:fly_one_cm":536466,"minecraft:open_chest":68,"minecraft:crouch_one_cm":72707,"minecraft:fall_one_cm":82262},"minecraft:picked_up":{"minecraft:crafting_table":17,"minecraft:azure_bluet":1,"minecraft:clay_ball":4,"minecraft:pink_wool":6,"minecraft:gold_block":1,"minecraft:shield":1,"minecraft:string":3,"minecraft:raw_copper":20,"minecraft:iron_axe":1,"minecraft:iron_shovel":5,"minecraft:cobbled_deepslate":7,"minecraft:beef":7,"minecraft:oak_boat":2,"minecraft:iron_pickaxe":4,"minecraft:light_gray_wool":2,"minecraft:sugar_cane":9,"minecraft:egg":2,"minecraft:furnace":7,"minecraft:golden_helmet":1,"minecraft:dark_oak_sapling":16,"minecraft:raw_iron":307,"minecraft:stick":26,"minecraft:torch":87,"minecraft:porkchop":12,"minecraft:golden_axe":1,"minecraft:diorite":37,"minecraft:carrot":2,"minecraft:redstone":17,"minecraft:golden_chestplate":1,"minecraft:dark_oak_planks":36,"minecraft:stone_sword":1,"minecraft:arrow":11,"minecraft:rotten_flesh":38,"minecraft:tropical_fish":1,"minecraft:peony":7,"minecraft:saddle":1,"minecraft:mutton":18,"minecraft:white_wool":11,"minecraft:cobblestone":594,"minecraft:birch_log":8,"minecraft:salmon":8,"minecraft:dark_oak_boat":2,"minecraft:leather":6,"minecraft:brown_wool":1,"minecraft:golden_leggings":1,"minecraft:oak_log":34,"minecraft:golden_boots":1,"minecraft:gunpowder":1,"minecraft:dirt":931,"minecraft:bone":8,"minecraft:apple":4,"minecraft:wheat_seeds":117,"minecraft:raw_gold":45,"minecraft:iron_ingot":65,"minecraft:pink_bed":15,"minecraft:sweet_berries":53,"minecraft:dandelion":1,"minecraft:gravel":15,"minecraft:dark_oak_log":193,"minecraft:spider_eye":1,"minecraft:diamond":1,"minecraft:granite":47,"minecraft:oak_sapling":2,"minecraft:black_wool":2,"minecraft:coal":811,"minecraft:ender_pearl":1}},"DataVersion":3955}