{"stats":{"minecraft:picked_up":{"minecraft:porkchop":3,"minecraft:spruce_log":2,"minecraft:dirt":25,"minecraft:cobblestone":24},"minecraft:used":{"minecraft:dirt":2,"minecraft:stone_pickaxe":30,"minecraft:wooden_pickaxe":12},"minecraft:custom":{"minecraft:time_since_rest":3166,"minecraft:crouch_one_cm":340,"minecraft:play_time":3166,"minecraft:sprint_one_cm":1912,"minecraft:damage_taken":200,"minecraft:walk_one_cm":14967,"minecraft:sneak_time":192,"minecraft:drop":1,"minecraft:jump":15,"minecraft:damage_dealt":35,"minecraft:time_since_death":3166,"minecraft:total_world_time":3166,"minecraft:interact_with_crafting_table":2,"minecraft:fall_one_cm":269,"minecraft:fly_one_cm":930},"minecraft:crafted":{"minecraft:spruce_planks":8,"minecraft:stick":4,"minecraft:stone_pickaxe":1,"minecraft:wooden_pickaxe":1},"minecraft:dropped":{"minecraft:wooden_pickaxe":1},"minecraft:mined":{"minecraft:grass_block":2,"minecraft:dirt":24,"minecraft:spruce_leaves":4,"minecraft:spruce_log":2,"minecraft:stone":32}},"DataVersion":3955}