{"stats":{"minecraft:killed":{"minecraft:spider":2,"minecraft:skeleton":6,"minecraft:pig":5,"minecraft:salmon":8,"minecraft:creeper":3,"minecraft:sheep":13,"minecraft:zombie":28,"minecraft:cow":4},"minecraft:mined":{"minecraft:pink_bed":11,"minecraft:dark_oak_leaves":7,"minecraft:deepslate_diamond_ore":1,"minecraft:dark_oak_log":151,"minecraft:granite":19,"minecraft:grass_block":250,"minecraft:redstone_ore":4,"minecraft:furnace":6,"minecraft:iron_ore":115,"minecraft:azure_bluet":1,"minecraft:peony":7,"minecraft:gold_block":1,"minecraft:deepslate_iron_ore":17,"minecraft:stone":435,"minecraft:dandelion":1,"minecraft:clay":1,"minecraft:crafting_table":15,"minecraft:short_grass":396,"minecraft:tall_grass":39,"minecraft:copper_ore":6,"minecraft:cobblestone":32,"minecraft:deepslate_gold_ore":36,"minecraft:sugar_cane":3,"minecraft:diorite":11,"minecraft:wall_torch":4,"minecraft:birch_log":8,"minecraft:sweet_berry_bush":23,"minecraft:birch_leaves":3,"minecraft:oak_log":38,"minecraft:coal_ore":414,"minecraft:gravel":15,"minecraft:dirt":376,"minecraft:gold_ore":9,"minecraft:oak_leaves":5,"minecraft:deepslate":8,"minecraft:fern":1},"minecraft:killed_by":{"minecraft:skeleton":1,"minecraft:zombie":2},"minecraft:used":{"minecraft:stone_sword":20,"minecraft:iron_shovel":532,"minecraft:stone_shovel":10,"minecraft:chest":8,"minecraft:shield":30,"minecraft:wooden_shovel":59,"minecraft:cooked_salmon":8,"minecraft:rotten_flesh":35,"minecraft:torch":148,"minecraft:dirt":2254,"minecraft:wooden_axe":21,"minecraft:dark_oak_planks":20,"minecraft:iron_axe":199,"minecraft:dark_oak_boat":3,"minecraft:sweet_berries":25,"minecraft:furnace":9,"minecraft:oak_sapling":1,"minecraft:golden_axe":44,"minecraft:dark_oak_sapling":11,"minecraft:cooked_mutton":13,"minecraft:stone_pickaxe":308,"minecraft:wooden_pickaxe":14,"minecraft:sugar_cane":9,"minecraft:crafting_table":19,"minecraft:oak_log":3,"minecraft:apple":4,"minecraft:iron_pickaxe":799,"minecraft:stone_axe":49,"minecraft:pink_bed":13,"minecraft:cobblestone":109,"minecraft:oak_boat":3,"minecraft:bone_meal":10},"minecraft:broken":{"minecraft:iron_shovel":2,"minecraft:wooden_shovel":1,"minecraft:stone_pickaxe":1,"minecraft:iron_axe":1,"minecraft:iron_pickaxe":2},"minecraft:crafted":{"minecraft:oak_planks":80,"minecraft:stone_shovel":1,"minecraft:dark_oak_boat":1,"minecraft:pink_bed":2,"minecraft:furnace":4,"minecraft:bone_meal":36,"minecraft:pink_dye":14,"minecraft:cooked_mutton":13,"minecraft:iron_boots":2,"minecraft:iron_axe":2,"minecraft:stone_pickaxe":9,"minecraft:chest":8,"minecraft:dark_oak_planks":480,"minecraft:cooked_beef":5,"minecraft:wooden_shovel":1,"minecraft:cooked_porkchop":2,"minecraft:crafting_table":5,"minecraft:wooden_pickaxe":2,"minecraft:iron_helmet":2,"minecraft:cooked_salmon":8,"minecraft:birch_planks":32,"minecraft:stone_axe":4,"minecraft:air":0,"minecraft:oak_boat":1,"minecraft:iron_chestplate":2,"minecraft:pink_wool":6,"minecraft:shield":2,"minecraft:stick":160,"minecraft:iron_ingot":128,"minecraft:iron_pickaxe":8,"minecraft:wooden_axe":1,"minecraft:iron_shovel":20,"minecraft:iron_leggings":2,"minecraft:torch":260},"minecraft:dropped":{"minecraft:golden_boots":1,"minecraft:golden_helmet":1,"minecraft:cooked_beef":2,"minecraft:cooked_porkchop":2,"minecraft:iron_helmet":1,"minecraft:tropical_fish":1,"minecraft:torch":16,"minecraft:wooden_axe":1,"minecraft:iron_leggings":1,"minecraft:iron_pickaxe":3,"minecraft:iron_shovel":16,"minecraft:white_wool":2,"minecraft:stone_axe":2,"minecraft:golden_chestplate":1,"minecraft:pink_dye":8,"minecraft:stone_shovel":1,"minecraft:light_gray_wool":1,"minecraft:iron_boots":1,"minecraft:iron_chestplate":1,"minecraft:pink_wool":6,"minecraft:golden_leggings":1,"minecraft:wooden_pickaxe":1,"minecraft:stone_pickaxe":4},"minecraft:custom":{"minecraft:mob_kills":69,"minecraft:interact_with_crafting_table":43,"minecraft:leave_game":1,"minecraft:time_since_death":40255,"minecraft:climb_one_cm":0,"minecraft:sprint_one_cm":334017,"minecraft:walk_one_cm":816424,"minecraft:damage_blocked_by_shield":1583,"minecraft:drop":45,"minecraft:play_time":191506,"minecraft:deaths":5,"minecraft:sneak_time":19193,"minecraft:walk_under_water_one_cm":9888,"minecraft:boat_one_cm":324600,"minecraft:jump":3244,"minecraft:walk_on_water_one_cm":21511,"minecraft:total_world_time":191506,"minecraft:interact_with_furnace":62,"minecraft:sleep_in_bed":11,"minecraft:time_since_rest":2656,"minecraft:damage_taken":3217,"minecraft:damage_dealt":9728,"minecraft:swim_one_cm":57919,"minecraft:fly_one_cm":512902,"minecraft:open_chest":68,"minecraft:crouch_one_cm":57238,"minecraft:fall_one_cm":77469},"minecraft:picked_up":{"minecraft:crafting_table":15,"minecraft:azure_bluet":1,"minecraft:clay_ball":4,"minecraft:pink_wool":6,"minecraft:gold_block":1,"minecraft:shield":1,"minecraft:string":2,"minecraft:raw_copper":20,"minecraft:iron_axe":1,"minecraft:iron_shovel":5,"minecraft:cobbled_deepslate":7,"minecraft:beef":7,"minecraft:oak_boat":2,"minecraft:iron_pickaxe":4,"minecraft:light_gray_wool":2,"minecraft:sugar_cane":9,"minecraft:egg":2,"minecraft:furnace":5,"minecraft:golden_helmet":1,"minecraft:dark_oak_sapling":16,"minecraft:raw_iron":192,"minecraft:stick":26,"minecraft:torch":87,"minecraft:porkchop":12,"minecraft:golden_axe":1,"minecraft:diorite":9,"minecraft:carrot":2,"minecraft:redstone":17,"minecraft:golden_chestplate":1,"minecraft:dark_oak_planks":36,"minecraft:stone_sword":1,"minecraft:arrow":11,"minecraft:rotten_flesh":37,"minecraft:tropical_fish":1,"minecraft:peony":7,"minecraft:saddle":1,"minecraft:mutton":18,"minecraft:white_wool":11,"minecraft:cobblestone":529,"minecraft:birch_log":8,"minecraft:salmon":8,"minecraft:dark_oak_boat":2,"minecraft:leather":6,"minecraft:brown_wool":1,"minecraft:golden_leggings":1,"minecraft:oak_log":34,"minecraft:golden_boots":1,"minecraft:gunpowder":1,"minecraft:dirt":924,"minecraft:bone":8,"minecraft:apple":4,"minecraft:wheat_seeds":117,"minecraft:raw_gold":45,"minecraft:iron_ingot":63,"minecraft:pink_bed":12,"minecraft:sweet_berries":53,"minecraft:dandelion":1,"minecraft:gravel":15,"minecraft:dark_oak_log":193,"minecraft:diamond":1,"minecraft:granite":19,"minecraft:oak_sapling":2,"minecraft:black_wool":2,"minecraft:coal":632}},"DataVersion":3955}