{"stats":{"minecraft:dropped":{"minecraft:stone_axe":1,"minecraft:torch":16,"minecraft:stone_pickaxe":3},"minecraft:used":{"minecraft:apple":1,"minecraft:stone_pickaxe":202,"minecraft:shield":3,"minecraft:wooden_pickaxe":11,"minecraft:cooked_salmon":1,"minecraft:stone_axe":16,"minecraft:dirt":11,"minecraft:cobblestone":25,"minecraft:crafting_table":4,"minecraft:furnace":2,"minecraft:golden_axe":33},"minecraft:crafted":{"minecraft:oak_planks":24,"minecraft:shield":1,"minecraft:crafting_table":1,"minecraft:stick":32,"minecraft:iron_ingot":4,"minecraft:wooden_pickaxe":1,"minecraft:stone_pickaxe":8,"minecraft:furnace":1,"minecraft:cooked_salmon":1,"minecraft:dark_oak_planks":16,"minecraft:torch":32,"minecraft:stone_axe":3,"minecraft:air":0},"minecraft:picked_up":{"minecraft:stick":1,"minecraft:dark_oak_sapling":2,"minecraft:crafting_table":4,"minecraft:raw_iron":19,"minecraft:clay_ball":4,"minecraft:salmon":4,"minecraft:brown_wool":1,"minecraft:oak_log":6,"minecraft:dark_oak_log":37,"minecraft:dirt":12,"minecraft:raw_copper":20,"minecraft:arrow":1,"minecraft:apple":1,"minecraft:iron_ingot":1,"minecraft:light_gray_wool":1,"minecraft:mutton":5,"minecraft:coal":61,"minecraft:white_wool":2,"minecraft:cobblestone":148,"minecraft:furnace":1},"minecraft:mined":{"minecraft:furnace":1,"minecraft:dark_oak_leaves":1,"minecraft:iron_ore":12,"minecraft:dark_oak_log":37,"minecraft:birch_leaves":2,"minecraft:clay":1,"minecraft:crafting_table":4,"minecraft:coal_ore":41,"minecraft:grass_block":10,"minecraft:oak_log":6,"minecraft:dirt":3,"minecraft:copper_ore":6,"minecraft:cobblestone":2,"minecraft:stone":149,"minecraft:oak_leaves":3},"minecraft:killed":{"minecraft:sheep":4,"minecraft:skeleton":1,"minecraft:salmon":4},"minecraft:broken":{"minecraft:stone_pickaxe":1},"minecraft:custom":{"minecraft:time_since_rest":28621,"minecraft:interact_with_furnace":7,"minecraft:sprint_one_cm":34852,"minecraft:damage_taken":444,"minecraft:walk_one_cm":119778,"minecraft:damage_blocked_by_shield":150,"minecraft:mob_kills":9,"minecraft:drop":5,"minecraft:damage_dealt":520,"minecraft:swim_one_cm":17053,"minecraft:interact_with_crafting_table":10,"minecraft:fly_one_cm":45795,"minecraft:open_chest":1,"minecraft:crouch_one_cm":7077,"minecraft:play_time":29932,"minecraft:deaths":1,"minecraft:sneak_time":3541,"minecraft:walk_under_water_one_cm":2666,"minecraft:jump":481,"minecraft:time_since_death":28572,"minecraft:walk_on_water_one_cm":6015,"minecraft:climb_one_cm":0,"minecraft:total_world_time":29932,"minecraft:fall_one_cm":12201}},"DataVersion":3955}