{"stats":{"minecraft:used":{"minecraft:wooden_axe":5,"minecraft:crafting_table":1,"minecraft:oak_sapling":1,"minecraft:melon_slice":1},"minecraft:mined":{"minecraft:grass_block":4,"minecraft:oak_log":6,"minecraft:melon":3,"minecraft:dirt":1,"minecraft:fern":1,"minecraft:crafting_table":1},"minecraft:picked_up":{"minecraft:crafting_table":1,"minecraft:oak_log":6,"minecraft:oak_sapling":1,"minecraft:melon_slice":19,"minecraft:dirt":4,"minecraft:white_wool":1},"minecraft:crafted":{"minecraft:oak_planks":24,"minecraft:crafting_table":1,"minecraft:stick":4,"minecraft:wooden_pickaxe":1,"minecraft:wooden_axe":1},"minecraft:custom":{"minecraft:time_since_rest":5707,"minecraft:crouch_one_cm":331,"minecraft:play_time":5707,"minecraft:sprint_one_cm":12395,"minecraft:damage_taken":20,"minecraft:walk_one_cm":35635,"minecraft:sneak_time":80,"minecraft:walk_under_water_one_cm":450,"minecraft:jump":135,"minecraft:walk_on_water_one_cm":230,"minecraft:time_since_death":5707,"minecraft:total_world_time":5707,"minecraft:fall_one_cm":2414,"minecraft:swim_one_cm":7827,"minecraft:interact_with_crafting_table":1,"minecraft:fly_one_cm":13296}},"DataVersion":3955}