{"stats":{"minecraft:dropped":{"minecraft:stone_axe":2,"minecraft:pink_dye":8,"minecraft:cooked_porkchop":2,"minecraft:tropical_fish":1,"minecraft:torch":16,"minecraft:iron_chestplate":1,"minecraft:pink_wool":6,"minecraft:stone_pickaxe":3,"minecraft:iron_shovel":3},"minecraft:used":{"minecraft:cooked_mutton":5,"minecraft:stone_pickaxe":202,"minecraft:chest":8,"minecraft:wooden_pickaxe":11,"minecraft:shield":15,"minecraft:cooked_salmon":6,"minecraft:rotten_flesh":3,"minecraft:torch":64,"minecraft:dirt":14,"minecraft:crafting_table":8,"minecraft:apple":3,"minecraft:iron_axe":15,"minecraft:iron_pickaxe":439,"minecraft:stone_axe":29,"minecraft:pink_bed":7,"minecraft:cobblestone":89,"minecraft:dark_oak_boat":3,"minecraft:furnace":5,"minecraft:bone_meal":3,"minecraft:golden_axe":44,"minecraft:dark_oak_sapling":4},"minecraft:crafted":{"minecraft:oak_planks":48,"minecraft:cooked_porkchop":2,"minecraft:dark_oak_boat":1,"minecraft:crafting_table":2,"minecraft:pink_bed":2,"minecraft:wooden_pickaxe":1,"minecraft:furnace":3,"minecraft:cooked_salmon":8,"minecraft:bone_meal":3,"minecraft:stone_axe":3,"minecraft:pink_dye":14,"minecraft:cooked_mutton":5,"minecraft:air":0,"minecraft:iron_chestplate":1,"minecraft:pink_wool":6,"minecraft:shield":1,"minecraft:iron_axe":1,"minecraft:stick":88,"minecraft:iron_ingot":21,"minecraft:iron_pickaxe":2,"minecraft:stone_pickaxe":8,"minecraft:chest":8,"minecraft:iron_shovel":3,"minecraft:dark_oak_planks":148,"minecraft:torch":228},"minecraft:picked_up":{"minecraft:crafting_table":7,"minecraft:clay_ball":4,"minecraft:salmon":8,"minecraft:leather":3,"minecraft:brown_wool":1,"minecraft:dark_oak_boat":2,"minecraft:pink_wool":6,"minecraft:gold_block":1,"minecraft:oak_log":12,"minecraft:string":2,"minecraft:dirt":19,"minecraft:raw_copper":20,"minecraft:bone":1,"minecraft:apple":3,"minecraft:wheat_seeds":4,"minecraft:raw_gold":7,"minecraft:beef":7,"minecraft:iron_ingot":2,"minecraft:light_gray_wool":1,"minecraft:furnace":3,"minecraft:pink_bed":6,"minecraft:raw_iron":85,"minecraft:dark_oak_sapling":4,"minecraft:stick":4,"minecraft:torch":1,"minecraft:diorite":7,"minecraft:dark_oak_log":37,"minecraft:arrow":2,"minecraft:rotten_flesh":3,"minecraft:tropical_fish":1,"minecraft:peony":7,"minecraft:granite":17,"minecraft:mutton":5,"minecraft:coal":304,"minecraft:white_wool":5,"minecraft:cobblestone":297},"minecraft:mined":{"minecraft:pink_bed":5,"minecraft:dark_oak_leaves":1,"minecraft:dark_oak_log":37,"minecraft:clay":1,"minecraft:crafting_table":7,"minecraft:granite":17,"minecraft:short_grass":19,"minecraft:grass_block":12,"minecraft:tall_grass":1,"minecraft:copper_ore":6,"minecraft:cobblestone":22,"minecraft:diorite":9,"minecraft:furnace":4,"minecraft:iron_ore":80,"minecraft:birch_leaves":2,"minecraft:gold_block":1,"minecraft:peony":7,"minecraft:oak_log":16,"minecraft:coal_ore":233,"minecraft:dirt":6,"minecraft:stone":271,"minecraft:gold_ore":7,"minecraft:oak_leaves":3},"minecraft:killed":{"minecraft:salmon":8,"minecraft:spider":1,"minecraft:sheep":4,"minecraft:skeleton":2,"minecraft:zombie":5,"minecraft:cow":4},"minecraft:broken":{"minecraft:stone_pickaxe":1,"minecraft:iron_pickaxe":1},"minecraft:custom":{"minecraft:interact_with_furnace":30,"minecraft:mob_kills":24,"minecraft:interact_with_crafting_table":25,"minecraft:time_since_death":82572,"minecraft:sleep_in_bed":5,"minecraft:climb_one_cm":0,"minecraft:time_since_rest":6733,"minecraft:sprint_one_cm":131654,"minecraft:damage_taken":868,"minecraft:walk_one_cm":295963,"minecraft:damage_blocked_by_shield":660,"minecraft:drop":14,"minecraft:damage_dealt":2226,"minecraft:swim_one_cm":26019,"minecraft:fly_one_cm":203057,"minecraft:open_chest":17,"minecraft:crouch_one_cm":25660,"minecraft:play_time":83932,"minecraft:deaths":1,"minecraft:sneak_time":9221,"minecraft:walk_under_water_one_cm":4811,"minecraft:boat_one_cm":137698,"minecraft:jump":1491,"minecraft:walk_on_water_one_cm":13812,"minecraft:total_world_time":83932,"minecraft:fall_one_cm":36946}},"DataVersion":3955}