{"stats":{"minecraft:broken":{"minecraft:iron_shovel":11,"minecraft:wooden_shovel":1,"minecraft:stone_pickaxe":1,"minecraft:golden_hoe":2,"minecraft:shield":1,"minecraft:golden_axe":1,"minecraft:iron_axe":3,"minecraft:iron_pickaxe":11},"minecraft:custom":{"minecraft:interact_with_crafting_table":104,"minecraft:leave_game":6,"minecraft:time_since_death":478259,"minecraft:sprint_one_cm":825783,"minecraft:damage_blocked_by_shield":5361,"minecraft:drop":157,"minecraft:play_time":629510,"minecraft:deaths":5,"minecraft:jump":9366,"minecraft:walk_on_water_one_cm":104407,"minecraft:interact_with_furnace":209,"minecraft:sleep_in_bed":39,"minecraft:damage_dealt":25641,"minecraft:crouch_one_cm":202046,"minecraft:horse_one_cm":2574,"minecraft:mob_kills":164,"minecraft:climb_one_cm":2539,"minecraft:walk_one_cm":2996239,"minecraft:sneak_time":54757,"minecraft:walk_under_water_one_cm":42381,"minecraft:boat_one_cm":481056,"minecraft:total_world_time":629510,"minecraft:interact_with_stonecutter":8,"minecraft:time_since_rest":4106,"minecraft:damage_taken":6448,"minecraft:swim_one_cm":122125,"minecraft:fly_one_cm":1320815,"minecraft:open_chest":297,"minecraft:fall_one_cm":184692},"minecraft:mined":{"minecraft:dark_oak_planks":42,"minecraft:oak_sapling":1,"minecraft:farmland":4,"minecraft:pink_bed":28,"minecraft:granite":347,"minecraft:grass_block":1036,"minecraft:jungle_log":30,"minecraft:polished_diorite":141,"minecraft:oxeye_daisy":4,"minecraft:chiseled_stone_bricks":3,"minecraft:smooth_stone":6,"minecraft:iron_ore":355,"minecraft:fire":29,"minecraft:pumpkin":5,"minecraft:deepslate_lapis_ore":12,"minecraft:azure_bluet":7,"minecraft:dark_oak_stairs":15,"minecraft:cave_vines":2,"minecraft:dirt_path":11,"minecraft:deepslate_redstone_ore":15,"minecraft:clay":1,"minecraft:torch":2,"minecraft:polished_andesite_stairs":3,"minecraft:poppy":3,"minecraft:melon":11,"minecraft:chest":24,"minecraft:cobblestone":43,"minecraft:sugar_cane":12,"minecraft:oak_planks":16,"minecraft:wall_torch":8,"minecraft:dark_oak_slab":19,"minecraft:birch_log":262,"minecraft:wheat":57,"minecraft:lilac":1,"minecraft:black_bed":12,"minecraft:oak_log":57,"minecraft:beetroots":20,"minecraft:dirt":1424,"minecraft:stonecutter":1,"minecraft:netherrack":2,"minecraft:oak_leaves":16,"minecraft:deepslate":74,"minecraft:dark_oak_leaves":11,"minecraft:deepslate_diamond_ore":37,"minecraft:dark_oak_log":287,"minecraft:jungle_planks":18,"minecraft:spruce_leaves":4,"minecraft:redstone_ore":4,"minecraft:furnace":20,"minecraft:carrots":18,"minecraft:snow":68,"minecraft:andesite":47,"minecraft:peony":7,"minecraft:gold_block":1,"minecraft:deepslate_iron_ore":79,"minecraft:vine":7,"minecraft:bamboo":15,"minecraft:stone":1324,"minecraft:dandelion":22,"minecraft:polished_granite":111,"minecraft:crafting_table":33,"minecraft:cornflower":1,"minecraft:short_grass":739,"minecraft:tall_grass":91,"minecraft:copper_ore":7,"minecraft:deepslate_gold_ore":95,"minecraft:diorite":295,"minecraft:birch_planks":58,"minecraft:sweet_berry_bush":23,"minecraft:spruce_log":19,"minecraft:birch_leaves":8,"minecraft:coal_ore":813,"minecraft:gravel":198,"minecraft:stone_bricks":5,"minecraft:polished_andesite":16,"minecraft:gold_ore":11,"minecraft:fern":9},"minecraft:used":{"minecraft:beetroot":17,"minecraft:iron_shovel":2946,"minecraft:chest":54,"minecraft:shield":113,"minecraft:stone":1,"minecraft:iron_sword":254,"minecraft:rotten_flesh":58,"minecraft:jungle_planks":18,"minecraft:carrot":72,"minecraft:snowball":31,"minecraft:polished_andesite_stairs":35,"minecraft:dark_oak_slab":25,"minecraft:stone_bricks":5,"minecraft:bow":9,"minecraft:dark_oak_boat":4,"minecraft:sweet_berries":53,"minecraft:furnace":26,"minecraft:oak_sapling":2,"minecraft:beetroot_seeds":60,"minecraft:egg":2,"minecraft:dark_oak_sapling":19,"minecraft:dark_oak_stairs":15,"minecraft:diorite":4,"minecraft:stone_pickaxe":308,"minecraft:oak_planks":16,"minecraft:ender_pearl":1,"minecraft:wooden_pickaxe":14,"minecraft:diamond_axe":231,"minecraft:sugar_cane":27,"minecraft:golden_hoe":64,"minecraft:dripstone_block":1,"minecraft:black_bed":15,"minecraft:pumpkin_seeds":24,"minecraft:dark_oak_log":4,"minecraft:melon_slice":26,"minecraft:bread":12,"minecraft:brown_wool":1,"minecraft:polished_granite":113,"minecraft:gravel":15,"minecraft:lilac":1,"minecraft:andesite":11,"minecraft:oak_boat":3,"minecraft:bone_meal":74,"minecraft:stone_sword":20,"minecraft:flint_and_steel":27,"minecraft:stone_shovel":10,"minecraft:wooden_shovel":59,"minecraft:cooked_salmon":10,"minecraft:cooked_chicken":3,"minecraft:netherrack":2,"minecraft:torch":626,"minecraft:dirt":2352,"minecraft:polished_diorite":525,"minecraft:wooden_axe":21,"minecraft:dark_oak_planks":42,"minecraft:iron_axe":688,"minecraft:melon_seeds":24,"minecraft:bamboo":7,"minecraft:cooked_beef":3,"minecraft:cobbled_deepslate":46,"minecraft:golden_axe":69,"minecraft:wheat_seeds":259,"minecraft:cooked_mutton":19,"minecraft:water_bucket":70,"minecraft:birch_planks":987,"minecraft:polished_andesite":16,"minecraft:stonecutter":2,"minecraft:crafting_table":37,"minecraft:spruce_log":3,"minecraft:oak_log":5,"minecraft:diamond_pickaxe":432,"minecraft:apple":5,"minecraft:iron_pickaxe":3126,"minecraft:chiseled_stone_bricks":8,"minecraft:stone_axe":49,"minecraft:pink_bed":28,"minecraft:cobblestone":240,"minecraft:cooked_porkchop":20,"minecraft:bucket":71,"minecraft:smooth_stone":82},"minecraft:dropped":{"minecraft:iron_sword":1,"minecraft:birch_planks":4,"minecraft:ominous_bottle":1,"minecraft:cooked_beef":2,"minecraft:dark_oak_sapling":6,"minecraft:cooked_porkchop":2,"minecraft:glow_berries":1,"minecraft:dirt":1216,"minecraft:jungle_sapling":4,"minecraft:iron_pickaxe":4,"minecraft:dark_oak_planks":6,"minecraft:white_wool":14,"minecraft:gravel":88,"minecraft:stone_axe":5,"minecraft:pink_bed":1,"minecraft:golden_chestplate":1,"minecraft:cobbled_deepslate":11,"minecraft:pink_dye":8,"minecraft:beetroot":1,"minecraft:rotten_flesh":4,"minecraft:oak_planks":18,"minecraft:melon_seeds":2,"minecraft:arrow":2,"minecraft:polished_granite":56,"minecraft:egg":1,"minecraft:iron_ingot":64,"minecraft:golden_boots":1,"minecraft:wheat_seeds":41,"minecraft:golden_helmet":1,"minecraft:feather":2,"minecraft:iron_helmet":1,"minecraft:cobblestone":98,"minecraft:apple":1,"minecraft:tropical_fish":1,"minecraft:stick":3,"minecraft:diorite":259,"minecraft:torch":16,"minecraft:wooden_axe":1,"minecraft:iron_leggings":1,"minecraft:smooth_stone":11,"minecraft:iron_shovel":16,"minecraft:string":1,"minecraft:polished_diorite":37,"minecraft:stone_sword":1,"minecraft:raw_copper":29,"minecraft:cocoa_beans":45,"minecraft:stone_shovel":2,"minecraft:light_gray_wool":1,"minecraft:clay_ball":2,"minecraft:iron_boots":1,"minecraft:pumpkin_seeds":1,"minecraft:iron_chestplate":1,"minecraft:diamond_pickaxe":2,"minecraft:pink_wool":6,"minecraft:golden_leggings":1,"minecraft:oak_sapling":2,"minecraft:spider_eye":1,"minecraft:bamboo":61,"minecraft:stone_pickaxe":9,"minecraft:wooden_pickaxe":2},"minecraft:picked_up":{"minecraft:iron_chestplate":1,"minecraft:wheat":63,"minecraft:string":19,"minecraft:raw_copper":57,"minecraft:cooked_salmon":2,"minecraft:beetroot":24,"minecraft:smooth_stone":12,"minecraft:cobbled_deepslate":105,"minecraft:iron_pickaxe":4,"minecraft:melon_slice":84,"minecraft:furnace":19,"minecraft:golden_helmet":1,"minecraft:stick":43,"minecraft:torch":176,"minecraft:porkchop":17,"minecraft:golden_axe":1,"minecraft:diorite":363,"minecraft:golden_chestplate":1,"minecraft:stone_sword":1,"minecraft:rotten_flesh":65,"minecraft:tropical_fish":1,"minecraft:snowball":47,"minecraft:cobblestone":4537,"minecraft:birch_log":279,"minecraft:feather":2,"minecraft:lilac":2,"minecraft:andesite":43,"minecraft:jungle_log":51,"minecraft:dark_oak_boat":3,"minecraft:brown_wool":3,"minecraft:black_bed":15,"minecraft:golden_leggings":1,"minecraft:flint":21,"minecraft:dirt":5587,"minecraft:lapis_lazuli":125,"minecraft:polished_granite":130,"minecraft:name_tag":3,"minecraft:bone":27,"minecraft:stonecutter":1,"minecraft:bow":1,"minecraft:wheat_seeds":445,"minecraft:raw_gold":106,"minecraft:bamboo":198,"minecraft:oak_planks":200,"minecraft:cooked_porkchop":8,"minecraft:music_disc_13":2,"minecraft:jungle_planks":221,"minecraft:dark_oak_log":673,"minecraft:polished_andesite":48,"minecraft:diamond":37,"minecraft:granite":676,"minecraft:bone_meal":23,"minecraft:golden_apple":2,"minecraft:oak_sapling":11,"minecraft:netherrack":2,"minecraft:diamond_pickaxe":1,"minecraft:cocoa_beans":73,"minecraft:crafting_table":31,"minecraft:azure_bluet":14,"minecraft:ominous_bottle":4,"minecraft:chicken":3,"minecraft:clay_ball":10,"minecraft:pink_wool":6,"minecraft:gold_block":1,"minecraft:shield":1,"minecraft:cornflower":2,"minecraft:iron_axe":1,"minecraft:iron_shovel":5,"minecraft:beef":14,"minecraft:oak_boat":2,"minecraft:jungle_sapling":9,"minecraft:poppy":6,"minecraft:light_gray_wool":2,"minecraft:sugar_cane":28,"minecraft:chest":24,"minecraft:birch_sapling":26,"minecraft:egg":5,"minecraft:dark_oak_sapling":25,"minecraft:raw_iron":507,"minecraft:copper_ingot":84,"minecraft:fire_charge":1,"minecraft:carrot":73,"minecraft:redstone":160,"minecraft:dark_oak_planks":114,"minecraft:stone_shovel":1,"minecraft:arrow":24,"minecraft:beetroot_seeds":50,"minecraft:golden_hoe":1,"minecraft:peony":8,"minecraft:saddle":1,"minecraft:gold_ingot":109,"minecraft:glow_berries":7,"minecraft:mutton":41,"minecraft:white_wool":39,"minecraft:oxeye_daisy":8,"minecraft:salmon":8,"minecraft:leather":13,"minecraft:birch_planks":57,"minecraft:oak_log":88,"minecraft:golden_boots":1,"minecraft:gunpowder":6,"minecraft:white_banner":2,"minecraft:cooked_mutton":6,"minecraft:stone_bricks":5,"minecraft:apple":6,"minecraft:iron_ingot":86,"minecraft:stone_pickaxe":1,"minecraft:dark_oak_stairs":15,"minecraft:polished_andesite_stairs":3,"minecraft:pink_bed":27,"minecraft:dark_oak_slab":15,"minecraft:pumpkin":5,"minecraft:sweet_berries":53,"minecraft:chiseled_stone_bricks":3,"minecraft:dandelion":44,"minecraft:dripstone_block":1,"minecraft:gravel":223,"minecraft:spruce_sapling":5,"minecraft:spruce_log":19,"minecraft:spider_eye":1,"minecraft:stone_axe":1,"minecraft:polished_diorite":212,"minecraft:melon_seeds":1,"minecraft:black_wool":5,"minecraft:coal":1648,"minecraft:ender_pearl":1},"minecraft:crafted":{"minecraft:smooth_stone":89,"minecraft:oak_planks":328,"minecraft:dark_oak_boat":1,"minecraft:pink_bed":2,"minecraft:cooked_chicken":3,"minecraft:stone":472,"minecraft:cooked_mutton":28,"minecraft:iron_boots":3,"minecraft:melon_seeds":22,"minecraft:chest":34,"minecraft:raw_iron_block":16,"minecraft:wooden_shovel":1,"minecraft:cooked_porkchop":14,"minecraft:diamond_axe":1,"minecraft:crafting_table":8,"minecraft:polished_andesite_stairs":10,"minecraft:wooden_pickaxe":2,"minecraft:iron_helmet":3,"minecraft:pumpkin_seeds":20,"minecraft:birch_planks":1116,"minecraft:pink_wool":6,"minecraft:dark_oak_slab":30,"minecraft:iron_chestplate":3,"minecraft:diamond_pickaxe":2,"minecraft:shield":3,"minecraft:stick":320,"minecraft:iron_ingot":319,"minecraft:iron_pickaxe":18,"minecraft:snow_block":4,"minecraft:gold_ingot":105,"minecraft:black_bed":1,"minecraft:polished_andesite":32,"minecraft:coal":576,"minecraft:raw_iron":144,"minecraft:stone_shovel":1,"minecraft:furnace":7,"minecraft:bone_meal":123,"minecraft:pink_dye":14,"minecraft:flint_and_steel":1,"minecraft:polished_diorite":92,"minecraft:iron_axe":4,"minecraft:stone_pickaxe":9,"minecraft:dark_oak_planks":664,"minecraft:cooked_beef":5,"minecraft:coal_block":65,"minecraft:dark_oak_stairs":28,"minecraft:iron_sword":2,"minecraft:cooked_salmon":8,"minecraft:polished_granite":656,"minecraft:bucket":1,"minecraft:stone_axe":4,"minecraft:bread":41,"minecraft:air":0,"minecraft:jungle_planks":204,"minecraft:oak_boat":1,"minecraft:wooden_axe":1,"minecraft:iron_shovel":31,"minecraft:stonecutter":1,"minecraft:iron_leggings":3,"minecraft:torch":680},"minecraft:killed_by":{"minecraft:zombie":2,"minecraft:skeleton":1},"minecraft:killed":{"minecraft:spider":7,"minecraft:skeleton":19,"minecraft:chicken":3,"minecraft:pig":8,"minecraft:zombie_villager":1,"minecraft:salmon":8,"minecraft:creeper":8,"minecraft:sheep":28,"minecraft:pillager":7,"minecraft:zombie":62,"minecraft:cow":8,"minecraft:endermite":1,"minecraft:enderman":2}},"DataVersion":3955}