{"stats":{"minecraft:killed_by":{"minecraft:creeper":1,"minecraft:zombie":2,"minecraft:skeleton":1},"minecraft:used":{"minecraft:beetroot":17,"minecraft:cherry_sapling":1,"minecraft:iron_shovel":3279,"minecraft:shield":165,"minecraft:chest":59,"minecraft:iron_sword":544,"minecraft:stone":1,"minecraft:rotten_flesh":58,"minecraft:jungle_planks":18,"minecraft:carrot":72,"minecraft:snowball":31,"minecraft:glass":106,"minecraft:bricks":3,"minecraft:polished_andesite_stairs":281,"minecraft:iron_helmet":2,"minecraft:dark_oak_slab":25,"minecraft:stone_bricks":5,"minecraft:bow":9,"minecraft:dark_oak_boat":12,"minecraft:sweet_berries":53,"minecraft:oak_sapling":2,"minecraft:furnace":29,"minecraft:beetroot_seeds":139,"minecraft:egg":4,"minecraft:potato":146,"minecraft:dark_oak_sapling":23,"minecraft:dark_oak_stairs":15,"minecraft:diorite":6,"minecraft:birch_leaves":1,"minecraft:stone_pickaxe":313,"minecraft:oak_planks":16,"minecraft:ender_pearl":1,"minecraft:wooden_pickaxe":14,"minecraft:sandstone":9,"minecraft:sugar_cane":27,"minecraft:diamond_axe":694,"minecraft:golden_hoe":64,"minecraft:sand":11,"minecraft:black_bed":46,"minecraft:dripstone_block":1,"minecraft:pumpkin_seeds":24,"minecraft:chiseled_sandstone":1,"minecraft:melon_slice":31,"minecraft:dark_oak_log":4,"minecraft:bread":113,"minecraft:brown_wool":1,"minecraft:polished_granite":520,"minecraft:gravel":21,"minecraft:lilac":1,"minecraft:andesite":18,"minecraft:oak_boat":7,"minecraft:bone_meal":116,"minecraft:rose_bush":1,"minecraft:stone_sword":20,"minecraft:flint_and_steel":53,"minecraft:stone_shovel":10,"minecraft:spruce_planks":20,"minecraft:wooden_shovel":59,"minecraft:cooked_salmon":10,"minecraft:cooked_chicken":3,"minecraft:netherrack":2,"minecraft:torch":1147,"minecraft:dirt":2457,"minecraft:granite":7,"minecraft:polished_diorite":612,"minecraft:dark_oak_planks":58,"minecraft:wooden_axe":21,"minecraft:iron_axe":688,"minecraft:rooted_dirt":53,"minecraft:iron_boots":1,"minecraft:melon_seeds":24,"minecraft:bamboo":7,"minecraft:cooked_beef":3,"minecraft:cobbled_deepslate":59,"minecraft:cherry_log":5,"minecraft:iron_leggings":1,"minecraft:golden_axe":69,"minecraft:cobbled_deepslate_wall":23,"minecraft:wheat_seeds":494,"minecraft:cooked_mutton":34,"minecraft:water_bucket":162,"minecraft:birch_planks":1355,"minecraft:polished_andesite":100,"minecraft:baked_potato":33,"minecraft:cut_sandstone":8,"minecraft:cherry_planks":193,"minecraft:stonecutter":2,"minecraft:crafting_table":46,"minecraft:spruce_log":3,"minecraft:oak_log":5,"minecraft:diamond_pickaxe":629,"minecraft:apple":6,"minecraft:iron_pickaxe":5177,"minecraft:chiseled_stone_bricks":8,"minecraft:stone_axe":49,"minecraft:pink_bed":29,"minecraft:cobblestone":311,"minecraft:cooked_porkchop":20,"minecraft:bucket":163,"minecraft:glass_pane":66,"minecraft:smooth_stone":1117},"minecraft:dropped":{"minecraft:iron_sword":4,"minecraft:moss_block":16,"minecraft:birch_planks":4,"minecraft:ominous_bottle":1,"minecraft:cooked_beef":2,"minecraft:baked_potato":91,"minecraft:crafting_table":1,"minecraft:dark_oak_sapling":6,"minecraft:cooked_porkchop":2,"minecraft:glow_berries":1,"minecraft:black_bed":1,"minecraft:rooted_dirt":4,"minecraft:rail":1,"minecraft:dirt":1262,"minecraft:jungle_sapling":4,"minecraft:sand":30,"minecraft:iron_pickaxe":7,"minecraft:dark_oak_planks":6,"minecraft:birch_log":12,"minecraft:dark_oak_boat":1,"minecraft:white_wool":14,"minecraft:gravel":98,"minecraft:stone_axe":5,"minecraft:pink_bed":8,"minecraft:golden_chestplate":1,"minecraft:cobbled_deepslate":21,"minecraft:pink_dye":8,"minecraft:cherry_sapling":42,"minecraft:beetroot":1,"minecraft:rotten_flesh":15,"minecraft:oak_planks":28,"minecraft:cooked_mutton":11,"minecraft:gunpowder":1,"minecraft:melon_seeds":2,"minecraft:azalea":1,"minecraft:spruce_slab":1,"minecraft:arrow":19,"minecraft:glass":110,"minecraft:polished_granite":56,"minecraft:egg":1,"minecraft:iron_ingot":64,"minecraft:water_bucket":1,"minecraft:golden_boots":1,"minecraft:bread":56,"minecraft:wheat_seeds":173,"minecraft:golden_helmet":2,"minecraft:cherry_log":49,"minecraft:cobbled_deepslate_wall":54,"minecraft:iron_helmet":4,"minecraft:feather":2,"minecraft:cobblestone":230,"minecraft:apple":2,"minecraft:granite":5,"minecraft:tropical_fish":1,"minecraft:coal":265,"minecraft:stick":72,"minecraft:diorite":261,"minecraft:torch":88,"minecraft:wooden_axe":1,"minecraft:iron_leggings":3,"minecraft:oak_stairs":7,"minecraft:flowering_azalea":1,"minecraft:iron_axe":2,"minecraft:smooth_stone":12,"minecraft:iron_shovel":19,"minecraft:string":16,"minecraft:bucket":1,"minecraft:spruce_sapling":1,"minecraft:polished_diorite":37,"minecraft:furnace":2,"minecraft:moss_carpet":6,"minecraft:stone_sword":1,"minecraft:raw_copper":29,"minecraft:cocoa_beans":45,"minecraft:stone_shovel":2,"minecraft:light_gray_wool":1,"minecraft:clay_ball":83,"minecraft:iron_boots":2,"minecraft:pumpkin_seeds":1,"minecraft:flint_and_steel":1,"minecraft:diamond_sword":1,"minecraft:filled_map":2,"minecraft:big_dripleaf":3,"minecraft:stone":292,"minecraft:shield":1,"minecraft:spruce_planks":11,"minecraft:diamond_pickaxe":2,"minecraft:iron_chestplate":5,"minecraft:andesite":4,"minecraft:pink_wool":6,"minecraft:golden_leggings":1,"minecraft:oak_sapling":2,"minecraft:andesite_stairs":1,"minecraft:spider_eye":4,"minecraft:bamboo":61,"minecraft:stone_pickaxe":10,"minecraft:wooden_pickaxe":2,"minecraft:brick":5},"minecraft:picked_up":{"minecraft:iron_chestplate":6,"minecraft:wheat":378,"minecraft:diamond_sword":2,"minecraft:lead":3,"minecraft:oak_stairs":7,"minecraft:string":105,"minecraft:raw_copper":57,"minecraft:cooked_salmon":2,"minecraft:iron_leggings":3,"minecraft:beetroot":62,"minecraft:cobbled_deepslate":144,"minecraft:smooth_stone":313,"minecraft:bucket":1,"minecraft:spruce_planks":12,"minecraft:rose_bush":1,"minecraft:azalea":1,"minecraft:iron_pickaxe":8,"minecraft:melon_slice":89,"minecraft:iron_boots":3,"minecraft:furnace":24,"minecraft:golden_helmet":2,"minecraft:stick":151,"minecraft:big_dripleaf":3,"minecraft:oak_fence":5,"minecraft:torch":313,"minecraft:porkchop":17,"minecraft:golden_axe":1,"minecraft:cherry_log":78,"minecraft:diorite":459,"minecraft:golden_chestplate":1,"minecraft:stone_sword":1,"minecraft:rotten_flesh":91,"minecraft:tropical_fish":1,"minecraft:obsidian":13,"minecraft:snowball":55,"minecraft:cobblestone":5131,"minecraft:birch_log":419,"minecraft:feather":2,"minecraft:lilac":2,"minecraft:cherry_planks":136,"minecraft:water_bucket":2,"minecraft:andesite":568,"minecraft:jungle_log":51,"minecraft:dark_oak_boat":11,"minecraft:black_bed":48,"minecraft:brown_wool":3,"minecraft:golden_leggings":1,"minecraft:potato":223,"minecraft:flint":23,"minecraft:lapis_lazuli":125,"minecraft:dirt":5730,"minecraft:polished_granite":271,"minecraft:name_tag":3,"minecraft:glass":64,"minecraft:bone":48,"minecraft:bow":1,"minecraft:stonecutter":1,"minecraft:wheat_seeds":1246,"minecraft:cobbled_deepslate_wall":5,"minecraft:raw_gold":123,"minecraft:bamboo":198,"minecraft:moss_block":16,"minecraft:oak_planks":268,"minecraft:cooked_porkchop":8,"minecraft:music_disc_13":2,"minecraft:poisonous_potato":2,"minecraft:sand":388,"minecraft:jungle_planks":221,"minecraft:dark_oak_log":746,"minecraft:chiseled_sandstone":1,"minecraft:polished_andesite":75,"minecraft:diamond":42,"minecraft:granite":928,"minecraft:bone_meal":23,"minecraft:golden_apple":2,"minecraft:bread":80,"minecraft:rooted_dirt":63,"minecraft:oak_sapling":11,"minecraft:netherrack":2,"minecraft:diamond_pickaxe":1,"minecraft:cocoa_beans":73,"minecraft:crafting_table":38,"minecraft:azure_bluet":14,"minecraft:ominous_bottle":4,"minecraft:chicken":4,"minecraft:clay_ball":91,"minecraft:pink_wool":6,"minecraft:gold_block":3,"minecraft:shield":4,"minecraft:cornflower":2,"minecraft:moss_carpet":6,"minecraft:iron_axe":3,"minecraft:flint_and_steel":2,"minecraft:iron_shovel":7,"minecraft:beef":14,"minecraft:oak_boat":5,"minecraft:jungle_sapling":9,"minecraft:poppy":6,"minecraft:light_gray_wool":2,"minecraft:spruce_slab":1,"minecraft:sugar_cane":28,"minecraft:chest":24,"minecraft:birch_sapling":26,"minecraft:egg":7,"minecraft:dark_oak_sapling":35,"minecraft:raw_iron":729,"minecraft:sandstone":8,"minecraft:stone":223,"minecraft:copper_ingot":84,"minecraft:fire_charge":1,"minecraft:carrot":73,"minecraft:redstone":165,"minecraft:prismarine_crystals":1,"minecraft:dark_oak_planks":126,"minecraft:arrow":44,"minecraft:stone_shovel":1,"minecraft:beetroot_seeds":151,"minecraft:golden_hoe":1,"minecraft:peony":8,"minecraft:saddle":1,"minecraft:gold_ingot":112,"minecraft:glow_berries":7,"minecraft:mutton":41,"minecraft:rail":128,"minecraft:white_wool":39,"minecraft:oxeye_daisy":8,"minecraft:birch_leaves":1,"minecraft:salmon":8,"minecraft:cut_sandstone":8,"minecraft:leather":13,"minecraft:filled_map":2,"minecraft:birch_planks":70,"minecraft:oak_log":94,"minecraft:golden_boots":1,"minecraft:gunpowder":9,"minecraft:white_banner":2,"minecraft:cooked_mutton":32,"minecraft:apple":8,"minecraft:stone_bricks":5,"minecraft:iron_ingot":176,"minecraft:stone_pickaxe":2,"minecraft:flowering_azalea":1,"minecraft:iron_sword":3,"minecraft:dark_oak_stairs":15,"minecraft:pink_bed":36,"minecraft:polished_andesite_stairs":58,"minecraft:dark_oak_slab":15,"minecraft:pumpkin":5,"minecraft:sweet_berries":62,"minecraft:chiseled_stone_bricks":3,"minecraft:dandelion":44,"minecraft:dripstone_block":1,"minecraft:gravel":239,"minecraft:spruce_sapling":6,"minecraft:spruce_log":19,"minecraft:spider_eye":8,"minecraft:music_disc_mall":1,"minecraft:polished_diorite":216,"minecraft:stone_axe":1,"minecraft:iron_helmet":3,"minecraft:diamond_axe":1,"minecraft:cherry_sapling":43,"minecraft:baked_potato":88,"minecraft:melon_seeds":1,"minecraft:black_wool":5,"minecraft:coal":2297,"minecraft:sunflower":23,"minecraft:ender_pearl":2},"minecraft:custom":{"minecraft:interact_with_crafting_table":168,"minecraft:open_barrel":3,"minecraft:leave_game":10,"minecraft:time_since_death":524106,"minecraft:sprint_one_cm":1690395,"minecraft:damage_blocked_by_shield":8021,"minecraft:drop":343,"minecraft:talked_to_villager":1,"minecraft:play_time":1154074,"minecraft:deaths":6,"minecraft:jump":18667,"minecraft:walk_on_water_one_cm":206369,"minecraft:interact_with_furnace":445,"minecraft:sleep_in_bed":73,"minecraft:damage_dealt":41492,"minecraft:crouch_one_cm":339916,"minecraft:horse_one_cm":2574,"minecraft:mob_kills":247,"minecraft:climb_one_cm":3737,"minecraft:walk_one_cm":5319738,"minecraft:sneak_time":89731,"minecraft:walk_under_water_one_cm":111164,"minecraft:boat_one_cm":1878687,"minecraft:total_world_time":1154074,"minecraft:interact_with_stonecutter":17,"minecraft:interact_with_grindstone":1,"minecraft:time_since_rest":49641,"minecraft:damage_taken":11690,"minecraft:swim_one_cm":343058,"minecraft:fly_one_cm":2888105,"minecraft:open_chest":530,"minecraft:fall_one_cm":390603},"minecraft:broken":{"minecraft:iron_shovel":11,"minecraft:wooden_shovel":1,"minecraft:iron_boots":1,"minecraft:stone_pickaxe":1,"minecraft:golden_hoe":2,"minecraft:shield":2,"minecraft:golden_axe":1,"minecraft:iron_axe":3,"minecraft:iron_pickaxe":18,"minecraft:iron_helmet":1},"minecraft:killed":{"minecraft:cave_spider":8,"minecraft:witch":1,"minecraft:spider":14,"minecraft:skeleton":39,"minecraft:chicken":3,"minecraft:pig":8,"minecraft:zombie_villager":1,"minecraft:salmon":8,"minecraft:creeper":14,"minecraft:sheep":28,"minecraft:pillager":7,"minecraft:zombie":95,"minecraft:cow":8,"minecraft:endermite":1,"minecraft:enderman":6},"minecraft:mined":{"minecraft:dark_oak_planks":58,"minecraft:spruce_planks":16,"minecraft:oak_sapling":1,"minecraft:farmland":4,"minecraft:pink_bed":32,"minecraft:cherry_log":78,"minecraft:obsidian":1,"minecraft:granite":589,"minecraft:grass_block":1105,"minecraft:jungle_log":30,"minecraft:polished_diorite":145,"minecraft:oxeye_daisy":4,"minecraft:chiseled_stone_bricks":3,"minecraft:smooth_stone":221,"minecraft:tall_seagrass":2,"minecraft:iron_ore":547,"minecraft:cobbled_deepslate":10,"minecraft:fire":39,"minecraft:pumpkin":5,"minecraft:deepslate_lapis_ore":12,"minecraft:azure_bluet":7,"minecraft:dark_oak_stairs":15,"minecraft:cave_vines":2,"minecraft:dirt_path":12,"minecraft:oak_stairs":8,"minecraft:azalea":2,"minecraft:spruce_slab":1,"minecraft:deepslate_redstone_ore":15,"minecraft:cut_sandstone":6,"minecraft:clay":3,"minecraft:torch":74,"minecraft:polished_andesite_stairs":56,"minecraft:poppy":4,"minecraft:melon":11,"minecraft:chest":24,"minecraft:glass":6,"minecraft:cobblestone":59,"minecraft:oak_planks":34,"minecraft:sugar_cane":12,"minecraft:wall_torch":17,"minecraft:pink_petals":1,"minecraft:dark_oak_slab":19,"minecraft:birch_log":402,"minecraft:wheat":372,"minecraft:lilac":1,"minecraft:black_bed":41,"minecraft:oak_log":63,"minecraft:beetroots":58,"minecraft:sand":207,"minecraft:dirt":1494,"minecraft:stonecutter":1,"minecraft:netherrack":2,"minecraft:oak_leaves":17,"minecraft:deepslate":93,"minecraft:deepslate_diamond_ore":42,"minecraft:dark_oak_leaves":12,"minecraft:cherry_sapling":1,"minecraft:dark_oak_log":360,"minecraft:jungle_planks":18,"minecraft:spruce_leaves":12,"minecraft:moss_block":1,"minecraft:rooted_dirt":55,"minecraft:sandstone":7,"minecraft:redstone_ore":4,"minecraft:furnace":26,"minecraft:carrots":18,"minecraft:chiseled_sandstone":1,"minecraft:snow":68,"minecraft:andesite":590,"minecraft:peony":7,"minecraft:gold_block":3,"minecraft:potatoes":66,"minecraft:deepslate_iron_ore":91,"minecraft:vine":7,"minecraft:rail":127,"minecraft:bamboo":15,"minecraft:stone":1598,"minecraft:birch_stairs":1,"minecraft:cherry_planks":6,"minecraft:snow_block":2,"minecraft:dandelion":22,"minecraft:polished_granite":131,"minecraft:oak_fence":4,"minecraft:crafting_table":39,"minecraft:cobbled_deepslate_wall":9,"minecraft:cornflower":1,"minecraft:short_grass":749,"minecraft:rose_bush":1,"minecraft:copper_ore":9,"minecraft:tall_grass":101,"minecraft:deepslate_gold_ore":95,"minecraft:diorite":390,"minecraft:birch_planks":71,"minecraft:sweet_berry_bush":23,"minecraft:ice":1,"minecraft:spruce_log":19,"minecraft:birch_leaves":9,"minecraft:coal_ore":1156,"minecraft:cherry_leaves":15,"minecraft:gravel":218,"minecraft:cobweb":67,"minecraft:polished_andesite":48,"minecraft:stone_bricks":5,"minecraft:small_dripleaf":1,"minecraft:gold_ore":21,"minecraft:fern":9},"minecraft:crafted":{"minecraft:brick":17,"minecraft:smooth_stone":763,"minecraft:oak_planks":352,"minecraft:dark_oak_boat":2,"minecraft:pink_bed":2,"minecraft:cooked_chicken":3,"minecraft:stone":1414,"minecraft:cooked_mutton":28,"minecraft:glass":128,"minecraft:iron_boots":4,"minecraft:melon_seeds":22,"minecraft:chest":39,"minecraft:bricks":3,"minecraft:raw_iron_block":34,"minecraft:wooden_shovel":1,"minecraft:cooked_porkchop":14,"minecraft:diamond_axe":1,"minecraft:crafting_table":12,"minecraft:spruce_planks":96,"minecraft:polished_andesite_stairs":10,"minecraft:iron_helmet":5,"minecraft:wooden_pickaxe":2,"minecraft:baked_potato":83,"minecraft:cobbled_deepslate_wall":72,"minecraft:gold_block":13,"minecraft:birch_planks":1628,"minecraft:pumpkin_seeds":20,"minecraft:dark_oak_slab":30,"minecraft:iron_chestplate":4,"minecraft:pink_wool":6,"minecraft:diamond_pickaxe":2,"minecraft:shield":4,"minecraft:stick":452,"minecraft:iron_ingot":500,"minecraft:iron_pickaxe":25,"minecraft:andesite_stairs":1,"minecraft:iron_block":29,"minecraft:snow_block":6,"minecraft:black_bed":1,"minecraft:gold_ingot":134,"minecraft:sandstone":6,"minecraft:polished_andesite":160,"minecraft:cherry_planks":96,"minecraft:coal":742,"minecraft:raw_iron":306,"minecraft:stone_shovel":1,"minecraft:furnace":10,"minecraft:bone_meal":156,"minecraft:pink_dye":14,"minecraft:glass_pane":80,"minecraft:flint_and_steel":1,"minecraft:polished_diorite":184,"minecraft:iron_axe":4,"minecraft:stone_pickaxe":9,"minecraft:dark_oak_planks":784,"minecraft:cooked_beef":5,"minecraft:coal_block":86,"minecraft:dark_oak_stairs":28,"minecraft:iron_sword":3,"minecraft:polished_granite":896,"minecraft:cooked_salmon":8,"minecraft:bucket":1,"minecraft:stone_axe":4,"minecraft:jungle_planks":204,"minecraft:bread":148,"minecraft:air":0,"minecraft:oak_boat":2,"minecraft:wooden_axe":1,"minecraft:iron_shovel":33,"minecraft:iron_leggings":4,"minecraft:stonecutter":1,"minecraft:torch":1176}},"DataVersion":3955}