{"stats":{"minecraft:picked_up":{"minecraft:birch_log":6,"minecraft:crafting_table":1,"minecraft:sweet_berries":57,"minecraft:brown_wool":1,"minecraft:porkchop":10,"minecraft:dirt":3,"minecraft:rabbit":1,"minecraft:black_wool":3,"minecraft:mutton":22,"minecraft:white_wool":13},"minecraft:mined":{"minecraft:large_fern":1,"minecraft:birch_log":6,"minecraft:sweet_berry_bush":31,"minecraft:birch_leaves":2,"minecraft:crafting_table":1,"minecraft:short_grass":2,"minecraft:grass_block":5,"minecraft:dirt":1,"minecraft:fern":3},"minecraft:crafted":{"minecraft:crafting_table":1,"minecraft:stick":4,"minecraft:wooden_axe":1,"minecraft:birch_planks":24},"minecraft:killed":{"minecraft:sheep":18,"minecraft:pig":6},"minecraft:used":{"minecraft:wooden_axe":48,"minecraft:dirt":3,"minecraft:mutton":1,"minecraft:crafting_table":1,"minecraft:sweet_berries":39},"minecraft:broken":{"minecraft:wooden_axe":1},"minecraft:custom":{"minecraft:time_since_rest":17145,"minecraft:sprint_one_cm":81638,"minecraft:damage_taken":230,"minecraft:walk_one_cm":50228,"minecraft:mob_kills":24,"minecraft:damage_dealt":1998,"minecraft:swim_one_cm":29039,"minecraft:interact_with_crafting_table":1,"minecraft:fly_one_cm":107645,"minecraft:crouch_one_cm":419,"minecraft:play_time":17145,"minecraft:sneak_time":606,"minecraft:walk_under_water_one_cm":3887,"minecraft:jump":601,"minecraft:time_since_death":17145,"minecraft:walk_on_water_one_cm":2980,"minecraft:total_world_time":17145,"minecraft:fall_one_cm":18529}},"DataVersion":3955}