{"stats":{"minecraft:killed":{"minecraft:spider":2,"minecraft:skeleton":6,"minecraft:salmon":8,"minecraft:creeper":3,"minecraft:sheep":9,"minecraft:zombie":28,"minecraft:cow":4},"minecraft:mined":{"minecraft:pink_bed":8,"minecraft:dark_oak_leaves":7,"minecraft:deepslate_diamond_ore":1,"minecraft:dark_oak_log":151,"minecraft:granite":17,"minecraft:grass_block":250,"minecraft:redstone_ore":4,"minecraft:furnace":5,"minecraft:iron_ore":114,"minecraft:peony":7,"minecraft:gold_block":1,"minecraft:deepslate_iron_ore":17,"minecraft:stone":407,"minecraft:clay":1,"minecraft:crafting_table":14,"minecraft:short_grass":379,"minecraft:tall_grass":30,"minecraft:copper_ore":6,"minecraft:cobblestone":32,"minecraft:deepslate_gold_ore":36,"minecraft:diorite":9,"minecraft:wall_torch":4,"minecraft:birch_log":2,"minecraft:birch_leaves":2,"minecraft:oak_log":28,"minecraft:coal_ore":282,"minecraft:gravel":15,"minecraft:dirt":376,"minecraft:gold_ore":9,"minecraft:oak_leaves":3,"minecraft:deepslate":8},"minecraft:killed_by":{"minecraft:skeleton":1,"minecraft:zombie":2},"minecraft:used":{"minecraft:iron_shovel":532,"minecraft:stone_shovel":10,"minecraft:chest":8,"minecraft:shield":30,"minecraft:wooden_shovel":59,"minecraft:cooked_salmon":8,"minecraft:rotten_flesh":34,"minecraft:torch":135,"minecraft:dirt":2234,"minecraft:wooden_axe":20,"minecraft:dark_oak_planks":20,"minecraft:iron_axe":199,"minecraft:dark_oak_boat":3,"minecraft:furnace":8,"minecraft:oak_sapling":1,"minecraft:golden_axe":44,"minecraft:dark_oak_sapling":11,"minecraft:cooked_mutton":12,"minecraft:stone_pickaxe":307,"minecraft:wooden_pickaxe":14,"minecraft:crafting_table":17,"minecraft:oak_log":3,"minecraft:apple":4,"minecraft:iron_pickaxe":634,"minecraft:stone_axe":29,"minecraft:pink_bed":11,"minecraft:cobblestone":109,"minecraft:oak_boat":3,"minecraft:bone_meal":10},"minecraft:broken":{"minecraft:iron_shovel":2,"minecraft:wooden_shovel":1,"minecraft:stone_pickaxe":1,"minecraft:iron_axe":1,"minecraft:iron_pickaxe":2},"minecraft:crafted":{"minecraft:oak_planks":80,"minecraft:stone_shovel":1,"minecraft:dark_oak_boat":1,"minecraft:pink_bed":2,"minecraft:furnace":4,"minecraft:bone_meal":36,"minecraft:pink_dye":14,"minecraft:cooked_mutton":12,"minecraft:iron_boots":2,"minecraft:iron_axe":2,"minecraft:stone_pickaxe":9,"minecraft:chest":8,"minecraft:dark_oak_planks":480,"minecraft:wooden_shovel":1,"minecraft:cooked_porkchop":2,"minecraft:crafting_table":5,"minecraft:wooden_pickaxe":2,"minecraft:iron_helmet":2,"minecraft:cooked_salmon":8,"minecraft:birch_planks":8,"minecraft:stone_axe":3,"minecraft:air":0,"minecraft:oak_boat":1,"minecraft:iron_chestplate":2,"minecraft:pink_wool":6,"minecraft:shield":1,"minecraft:stick":160,"minecraft:iron_ingot":127,"minecraft:iron_pickaxe":8,"minecraft:wooden_axe":1,"minecraft:iron_shovel":20,"minecraft:iron_leggings":2,"minecraft:torch":228},"minecraft:dropped":{"minecraft:golden_boots":1,"minecraft:golden_helmet":1,"minecraft:cooked_porkchop":2,"minecraft:iron_helmet":1,"minecraft:tropical_fish":1,"minecraft:torch":16,"minecraft:iron_leggings":1,"minecraft:iron_pickaxe":3,"minecraft:iron_shovel":15,"minecraft:stone_axe":2,"minecraft:golden_chestplate":1,"minecraft:pink_dye":8,"minecraft:iron_boots":1,"minecraft:iron_chestplate":1,"minecraft:pink_wool":6,"minecraft:golden_leggings":1,"minecraft:stone_pickaxe":3},"minecraft:custom":{"minecraft:mob_kills":60,"minecraft:interact_with_crafting_table":41,"minecraft:leave_game":1,"minecraft:time_since_death":16255,"minecraft:climb_one_cm":0,"minecraft:sprint_one_cm":269435,"minecraft:walk_one_cm":736570,"minecraft:damage_blocked_by_shield":1583,"minecraft:drop":36,"minecraft:play_time":167506,"minecraft:deaths":5,"minecraft:sneak_time":18799,"minecraft:walk_under_water_one_cm":8937,"minecraft:boat_one_cm":242568,"minecraft:jump":2842,"minecraft:walk_on_water_one_cm":19626,"minecraft:total_world_time":167506,"minecraft:interact_with_furnace":51,"minecraft:sleep_in_bed":9,"minecraft:time_since_rest":16281,"minecraft:damage_taken":3167,"minecraft:damage_dealt":8908,"minecraft:swim_one_cm":43281,"minecraft:fly_one_cm":451516,"minecraft:open_chest":49,"minecraft:crouch_one_cm":55331,"minecraft:fall_one_cm":68885},"minecraft:picked_up":{"minecraft:crafting_table":14,"minecraft:clay_ball":4,"minecraft:pink_wool":6,"minecraft:gold_block":1,"minecraft:shield":1,"minecraft:string":2,"minecraft:raw_copper":20,"minecraft:iron_axe":1,"minecraft:iron_shovel":4,"minecraft:cobbled_deepslate":7,"minecraft:beef":7,"minecraft:oak_boat":2,"minecraft:iron_pickaxe":3,"minecraft:light_gray_wool":1,"minecraft:egg":2,"minecraft:furnace":4,"minecraft:golden_helmet":1,"minecraft:dark_oak_sapling":16,"minecraft:raw_iron":191,"minecraft:stick":26,"minecraft:torch":87,"minecraft:golden_axe":1,"minecraft:diorite":7,"minecraft:carrot":2,"minecraft:redstone":17,"minecraft:golden_chestplate":1,"minecraft:dark_oak_planks":36,"minecraft:arrow":11,"minecraft:rotten_flesh":37,"minecraft:tropical_fish":1,"minecraft:peony":7,"minecraft:saddle":1,"minecraft:mutton":13,"minecraft:white_wool":9,"minecraft:cobblestone":505,"minecraft:birch_log":2,"minecraft:salmon":8,"minecraft:dark_oak_boat":2,"minecraft:leather":6,"minecraft:brown_wool":1,"minecraft:golden_leggings":1,"minecraft:oak_log":24,"minecraft:golden_boots":1,"minecraft:gunpowder":1,"minecraft:dirt":924,"minecraft:bone":8,"minecraft:apple":4,"minecraft:wheat_seeds":117,"minecraft:raw_gold":45,"minecraft:iron_ingot":63,"minecraft:pink_bed":9,"minecraft:gravel":15,"minecraft:dark_oak_log":193,"minecraft:diamond":1,"minecraft:granite":17,"minecraft:oak_sapling":2,"minecraft:black_wool":1,"minecraft:coal":468}},"DataVersion":3955}