{"stats":{"minecraft:crafted":{"minecraft:oak_planks":124,"minecraft:raw_iron":144,"minecraft:stone_shovel":1,"minecraft:dark_oak_boat":1,"minecraft:pink_bed":2,"minecraft:furnace":4,"minecraft:bone_meal":36,"minecraft:pink_dye":14,"minecraft:cooked_mutton":18,"minecraft:iron_boots":3,"minecraft:polished_diorite":28,"minecraft:iron_axe":3,"minecraft:stone_pickaxe":9,"minecraft:chest":16,"minecraft:dark_oak_planks":480,"minecraft:raw_iron_block":16,"minecraft:cooked_beef":5,"minecraft:wooden_shovel":1,"minecraft:cooked_porkchop":14,"minecraft:crafting_table":5,"minecraft:iron_helmet":3,"minecraft:wooden_pickaxe":2,"minecraft:iron_sword":1,"minecraft:cooked_salmon":8,"minecraft:polished_granite":28,"minecraft:birch_planks":32,"minecraft:bucket":1,"minecraft:stone_axe":4,"minecraft:bread":1,"minecraft:air":0,"minecraft:oak_boat":1,"minecraft:iron_chestplate":3,"minecraft:diamond_pickaxe":2,"minecraft:pink_wool":6,"minecraft:shield":3,"minecraft:stick":292,"minecraft:iron_ingot":179,"minecraft:iron_pickaxe":11,"minecraft:wooden_axe":1,"minecraft:gold_ingot":45,"minecraft:iron_shovel":29,"minecraft:iron_leggings":3,"minecraft:torch":608,"minecraft:polished_andesite":32},"minecraft:used":{"minecraft:stone_sword":20,"minecraft:iron_shovel":1826,"minecraft:stone_shovel":10,"minecraft:chest":16,"minecraft:shield":100,"minecraft:iron_sword":192,"minecraft:wooden_shovel":59,"minecraft:cooked_salmon":8,"minecraft:rotten_flesh":58,"minecraft:torch":463,"minecraft:dirt":2315,"minecraft:polished_diorite":16,"minecraft:dark_oak_planks":20,"minecraft:wooden_axe":21,"minecraft:iron_axe":214,"minecraft:bow":9,"minecraft:dark_oak_boat":3,"minecraft:sweet_berries":53,"minecraft:oak_sapling":1,"minecraft:furnace":12,"minecraft:cooked_beef":3,"minecraft:cobbled_deepslate":40,"minecraft:golden_axe":44,"minecraft:dark_oak_sapling":11,"minecraft:cooked_mutton":18,"minecraft:water_bucket":3,"minecraft:polished_andesite":16,"minecraft:stone_pickaxe":308,"minecraft:ender_pearl":1,"minecraft:wooden_pickaxe":14,"minecraft:sugar_cane":9,"minecraft:crafting_table":27,"minecraft:dripstone_block":1,"minecraft:oak_log":3,"minecraft:diamond_pickaxe":432,"minecraft:apple":4,"minecraft:bread":4,"minecraft:iron_pickaxe":1417,"minecraft:polished_granite":17,"minecraft:gravel":15,"minecraft:pink_bed":20,"minecraft:stone_axe":49,"minecraft:cobblestone":147,"minecraft:cooked_porkchop":11,"minecraft:bucket":4,"minecraft:oak_boat":3,"minecraft:bone_meal":10},"minecraft:custom":{"minecraft:mob_kills":124,"minecraft:interact_with_crafting_table":67,"minecraft:leave_game":2,"minecraft:time_since_death":164782,"minecraft:climb_one_cm":0,"minecraft:sprint_one_cm":423905,"minecraft:walk_one_cm":1378150,"minecraft:damage_blocked_by_shield":4781,"minecraft:drop":58,"minecraft:play_time":316033,"minecraft:deaths":5,"minecraft:sneak_time":36930,"minecraft:walk_under_water_one_cm":22116,"minecraft:boat_one_cm":324600,"minecraft:jump":5135,"minecraft:walk_on_water_one_cm":49889,"minecraft:total_world_time":316033,"minecraft:interact_with_furnace":89,"minecraft:sleep_in_bed":18,"minecraft:time_since_rest":4146,"minecraft:damage_taken":5456,"minecraft:damage_dealt":20650,"minecraft:swim_one_cm":86788,"minecraft:fly_one_cm":680587,"minecraft:open_chest":112,"minecraft:crouch_one_cm":135778,"minecraft:fall_one_cm":103321},"minecraft:dropped":{"minecraft:golden_boots":1,"minecraft:wheat_seeds":4,"minecraft:ominous_bottle":1,"minecraft:golden_helmet":1,"minecraft:cooked_beef":2,"minecraft:cooked_porkchop":2,"minecraft:iron_helmet":1,"minecraft:cobblestone":64,"minecraft:tropical_fish":1,"minecraft:dirt":64,"minecraft:torch":16,"minecraft:wooden_axe":1,"minecraft:iron_leggings":1,"minecraft:iron_pickaxe":3,"minecraft:iron_shovel":16,"minecraft:string":1,"minecraft:white_wool":2,"minecraft:gravel":2,"minecraft:stone_axe":3,"minecraft:golden_chestplate":1,"minecraft:stone_sword":1,"minecraft:cobbled_deepslate":11,"minecraft:pink_dye":8,"minecraft:stone_shovel":1,"minecraft:light_gray_wool":1,"minecraft:iron_boots":1,"minecraft:diamond_pickaxe":2,"minecraft:iron_chestplate":1,"minecraft:pink_wool":6,"minecraft:golden_leggings":1,"minecraft:spider_eye":1,"minecraft:arrow":2,"minecraft:wooden_pickaxe":1,"minecraft:stone_pickaxe":4},"minecraft:broken":{"minecraft:iron_shovel":7,"minecraft:wooden_shovel":1,"minecraft:stone_pickaxe":1,"minecraft:shield":1,"minecraft:iron_axe":1,"minecraft:iron_pickaxe":5},"minecraft:picked_up":{"minecraft:crafting_table":23,"minecraft:azure_bluet":1,"minecraft:ominous_bottle":3,"minecraft:clay_ball":4,"minecraft:pink_wool":6,"minecraft:gold_block":1,"minecraft:shield":1,"minecraft:string":3,"minecraft:raw_copper":28,"minecraft:iron_axe":1,"minecraft:iron_shovel":5,"minecraft:cobbled_deepslate":75,"minecraft:beef":7,"minecraft:oak_boat":2,"minecraft:iron_pickaxe":4,"minecraft:light_gray_wool":2,"minecraft:sugar_cane":9,"minecraft:furnace":8,"minecraft:egg":2,"minecraft:golden_helmet":1,"minecraft:dark_oak_sapling":16,"minecraft:stick":27,"minecraft:raw_iron":401,"minecraft:torch":89,"minecraft:porkchop":12,"minecraft:golden_axe":1,"minecraft:diorite":37,"minecraft:carrot":2,"minecraft:redstone":81,"minecraft:golden_chestplate":1,"minecraft:dark_oak_planks":36,"minecraft:stone_sword":1,"minecraft:arrow":24,"minecraft:rotten_flesh":57,"minecraft:tropical_fish":1,"minecraft:peony":7,"minecraft:saddle":1,"minecraft:mutton":18,"minecraft:white_wool":11,"minecraft:cobblestone":1106,"minecraft:birch_log":8,"minecraft:andesite":32,"minecraft:salmon":8,"minecraft:dark_oak_boat":2,"minecraft:brown_wool":1,"minecraft:leather":6,"minecraft:golden_leggings":1,"minecraft:flint":2,"minecraft:oak_log":40,"minecraft:golden_boots":1,"minecraft:gunpowder":3,"minecraft:lapis_lazuli":61,"minecraft:dirt":2270,"minecraft:white_banner":2,"minecraft:polished_granite":17,"minecraft:bone":23,"minecraft:apple":4,"minecraft:bow":1,"minecraft:wheat_seeds":121,"minecraft:raw_gold":105,"minecraft:iron_ingot":68,"minecraft:pink_bed":18,"minecraft:sweet_berries":53,"minecraft:dandelion":1,"minecraft:dripstone_block":1,"minecraft:gravel":28,"minecraft:dark_oak_log":193,"minecraft:spider_eye":1,"minecraft:polished_andesite":16,"minecraft:diamond":35,"minecraft:granite":47,"minecraft:oak_sapling":3,"minecraft:black_wool":2,"minecraft:coal":845,"minecraft:ender_pearl":1},"minecraft:killed":{"minecraft:endermite":1,"minecraft:spider":5,"minecraft:skeleton":17,"minecraft:pig":5,"minecraft:zombie_villager":1,"minecraft:salmon":8,"minecraft:creeper":7,"minecraft:sheep":13,"minecraft:pillager":7,"minecraft:zombie":52,"minecraft:cow":4,"minecraft:enderman":2},"minecraft:killed_by":{"minecraft:skeleton":1,"minecraft:zombie":2},"minecraft:mined":{"minecraft:pink_bed":17,"minecraft:dark_oak_leaves":7,"minecraft:deepslate_diamond_ore":35,"minecraft:dark_oak_log":151,"minecraft:granite":47,"minecraft:grass_block":741,"minecraft:redstone_ore":4,"minecraft:furnace":9,"minecraft:iron_ore":254,"minecraft:andesite":32,"minecraft:deepslate_lapis_ore":12,"minecraft:azure_bluet":1,"minecraft:peony":7,"minecraft:gold_block":1,"minecraft:deepslate_iron_ore":73,"minecraft:stone":908,"minecraft:deepslate_redstone_ore":15,"minecraft:dandelion":1,"minecraft:polished_granite":17,"minecraft:clay":1,"minecraft:crafting_table":24,"minecraft:torch":1,"minecraft:short_grass":397,"minecraft:tall_grass":39,"minecraft:copper_ore":7,"minecraft:cobblestone":33,"minecraft:deepslate_gold_ore":95,"minecraft:sugar_cane":3,"minecraft:diorite":39,"minecraft:wall_torch":4,"minecraft:birch_log":8,"minecraft:sweet_berry_bush":23,"minecraft:birch_leaves":3,"minecraft:oak_log":44,"minecraft:coal_ore":491,"minecraft:gravel":28,"minecraft:dirt":1175,"minecraft:polished_andesite":16,"minecraft:gold_ore":10,"minecraft:oak_leaves":5,"minecraft:deepslate":65,"minecraft:fern":1}},"DataVersion":3955}