{"stats":{"minecraft:killed_by":{"minecraft:creeper":1,"minecraft:zombie":2,"minecraft:skeleton":1},"minecraft:used":{"minecraft:beetroot":17,"minecraft:cherry_sapling":1,"minecraft:iron_shovel":3218,"minecraft:shield":143,"minecraft:chest":59,"minecraft:iron_sword":470,"minecraft:stone":1,"minecraft:rotten_flesh":58,"minecraft:jungle_planks":18,"minecraft:carrot":72,"minecraft:snowball":31,"minecraft:glass":106,"minecraft:polished_andesite_stairs":281,"minecraft:iron_helmet":2,"minecraft:dark_oak_slab":25,"minecraft:stone_bricks":5,"minecraft:bow":9,"minecraft:dark_oak_boat":12,"minecraft:sweet_berries":53,"minecraft:oak_sapling":2,"minecraft:furnace":29,"minecraft:beetroot_seeds":139,"minecraft:egg":4,"minecraft:potato":146,"minecraft:dark_oak_sapling":23,"minecraft:dark_oak_stairs":15,"minecraft:diorite":6,"minecraft:birch_leaves":1,"minecraft:stone_pickaxe":313,"minecraft:oak_planks":16,"minecraft:ender_pearl":1,"minecraft:wooden_pickaxe":14,"minecraft:sandstone":9,"minecraft:sugar_cane":27,"minecraft:diamond_axe":694,"minecraft:golden_hoe":64,"minecraft:sand":11,"minecraft:black_bed":45,"minecraft:dripstone_block":1,"minecraft:pumpkin_seeds":24,"minecraft:chiseled_sandstone":1,"minecraft:melon_slice":31,"minecraft:dark_oak_log":4,"minecraft:bread":111,"minecraft:brown_wool":1,"minecraft:polished_granite":520,"minecraft:gravel":21,"minecraft:lilac":1,"minecraft:andesite":18,"minecraft:oak_boat":5,"minecraft:bone_meal":116,"minecraft:rose_bush":1,"minecraft:stone_sword":20,"minecraft:flint_and_steel":53,"minecraft:stone_shovel":10,"minecraft:spruce_planks":20,"minecraft:wooden_shovel":59,"minecraft:cooked_salmon":10,"minecraft:cooked_chicken":3,"minecraft:netherrack":2,"minecraft:torch":1008,"minecraft:dirt":2455,"minecraft:granite":7,"minecraft:polished_diorite":612,"minecraft:dark_oak_planks":58,"minecraft:wooden_axe":21,"minecraft:iron_axe":688,"minecraft:iron_boots":1,"minecraft:melon_seeds":24,"minecraft:bamboo":7,"minecraft:cooked_beef":3,"minecraft:cobbled_deepslate":56,"minecraft:cherry_log":5,"minecraft:iron_leggings":1,"minecraft:golden_axe":69,"minecraft:cobbled_deepslate_wall":23,"minecraft:wheat_seeds":494,"minecraft:cooked_mutton":34,"minecraft:water_bucket":155,"minecraft:birch_planks":1355,"minecraft:polished_andesite":100,"minecraft:baked_potato":12,"minecraft:cut_sandstone":8,"minecraft:cherry_planks":193,"minecraft:stonecutter":2,"minecraft:crafting_table":46,"minecraft:spruce_log":3,"minecraft:oak_log":5,"minecraft:diamond_pickaxe":629,"minecraft:apple":6,"minecraft:iron_pickaxe":5048,"minecraft:chiseled_stone_bricks":8,"minecraft:stone_axe":49,"minecraft:pink_bed":29,"minecraft:cobblestone":310,"minecraft:cooked_porkchop":20,"minecraft:bucket":156,"minecraft:glass_pane":66,"minecraft:smooth_stone":1117},"minecraft:dropped":{"minecraft:iron_sword":4,"minecraft:birch_planks":4,"minecraft:ominous_bottle":1,"minecraft:cooked_beef":2,"minecraft:baked_potato":91,"minecraft:dark_oak_sapling":6,"minecraft:cooked_porkchop":2,"minecraft:glow_berries":1,"minecraft:black_bed":1,"minecraft:rail":1,"minecraft:dirt":1261,"minecraft:jungle_sapling":4,"minecraft:sand":30,"minecraft:iron_pickaxe":6,"minecraft:dark_oak_planks":6,"minecraft:birch_log":12,"minecraft:dark_oak_boat":1,"minecraft:white_wool":14,"minecraft:gravel":98,"minecraft:stone_axe":5,"minecraft:pink_bed":7,"minecraft:golden_chestplate":1,"minecraft:cobbled_deepslate":19,"minecraft:pink_dye":8,"minecraft:cherry_sapling":42,"minecraft:beetroot":1,"minecraft:rotten_flesh":7,"minecraft:oak_planks":28,"minecraft:cooked_mutton":11,"minecraft:gunpowder":1,"minecraft:melon_seeds":2,"minecraft:spruce_slab":1,"minecraft:arrow":12,"minecraft:glass":110,"minecraft:polished_granite":56,"minecraft:egg":1,"minecraft:iron_ingot":64,"minecraft:water_bucket":1,"minecraft:golden_boots":1,"minecraft:bread":56,"minecraft:wheat_seeds":169,"minecraft:golden_helmet":1,"minecraft:cherry_log":49,"minecraft:cobbled_deepslate_wall":54,"minecraft:iron_helmet":3,"minecraft:feather":2,"minecraft:cobblestone":221,"minecraft:apple":2,"minecraft:granite":1,"minecraft:tropical_fish":1,"minecraft:coal":265,"minecraft:stick":72,"minecraft:diorite":261,"minecraft:torch":88,"minecraft:wooden_axe":1,"minecraft:iron_leggings":3,"minecraft:oak_stairs":7,"minecraft:iron_axe":1,"minecraft:smooth_stone":12,"minecraft:iron_shovel":19,"minecraft:string":16,"minecraft:bucket":1,"minecraft:polished_diorite":37,"minecraft:furnace":2,"minecraft:stone_sword":1,"minecraft:raw_copper":29,"minecraft:cocoa_beans":45,"minecraft:stone_shovel":2,"minecraft:light_gray_wool":1,"minecraft:clay_ball":2,"minecraft:iron_boots":2,"minecraft:pumpkin_seeds":1,"minecraft:flint_and_steel":1,"minecraft:diamond_sword":1,"minecraft:filled_map":2,"minecraft:stone":292,"minecraft:shield":1,"minecraft:spruce_planks":11,"minecraft:diamond_pickaxe":2,"minecraft:iron_chestplate":3,"minecraft:andesite":4,"minecraft:pink_wool":6,"minecraft:golden_leggings":1,"minecraft:oak_sapling":2,"minecraft:andesite_stairs":1,"minecraft:spider_eye":2,"minecraft:bamboo":61,"minecraft:stone_pickaxe":10,"minecraft:wooden_pickaxe":2},"minecraft:picked_up":{"minecraft:iron_chestplate":3,"minecraft:wheat":378,"minecraft:diamond_sword":1,"minecraft:lead":3,"minecraft:oak_stairs":7,"minecraft:string":105,"minecraft:raw_copper":57,"minecraft:cooked_salmon":2,"minecraft:iron_leggings":2,"minecraft:beetroot":62,"minecraft:cobbled_deepslate":136,"minecraft:smooth_stone":313,"minecraft:bucket":1,"minecraft:spruce_planks":12,"minecraft:rose_bush":1,"minecraft:iron_pickaxe":7,"minecraft:melon_slice":89,"minecraft:iron_boots":2,"minecraft:furnace":24,"minecraft:golden_helmet":1,"minecraft:stick":121,"minecraft:oak_fence":5,"minecraft:torch":273,"minecraft:porkchop":17,"minecraft:golden_axe":1,"minecraft:cherry_log":78,"minecraft:diorite":459,"minecraft:golden_chestplate":1,"minecraft:stone_sword":1,"minecraft:rotten_flesh":83,"minecraft:tropical_fish":1,"minecraft:obsidian":13,"minecraft:snowball":55,"minecraft:cobblestone":5121,"minecraft:birch_log":419,"minecraft:feather":2,"minecraft:lilac":2,"minecraft:cherry_planks":136,"minecraft:water_bucket":2,"minecraft:andesite":568,"minecraft:jungle_log":51,"minecraft:dark_oak_boat":11,"minecraft:black_bed":47,"minecraft:brown_wool":3,"minecraft:golden_leggings":1,"minecraft:potato":223,"minecraft:flint":23,"minecraft:lapis_lazuli":125,"minecraft:dirt":5727,"minecraft:polished_granite":271,"minecraft:name_tag":3,"minecraft:glass":64,"minecraft:bone":42,"minecraft:bow":1,"minecraft:stonecutter":1,"minecraft:wheat_seeds":1242,"minecraft:cobbled_deepslate_wall":5,"minecraft:raw_gold":117,"minecraft:bamboo":198,"minecraft:oak_planks":261,"minecraft:cooked_porkchop":8,"minecraft:music_disc_13":2,"minecraft:poisonous_potato":2,"minecraft:sand":388,"minecraft:jungle_planks":221,"minecraft:dark_oak_log":746,"minecraft:chiseled_sandstone":1,"minecraft:polished_andesite":75,"minecraft:diamond":37,"minecraft:granite":924,"minecraft:bone_meal":23,"minecraft:golden_apple":2,"minecraft:bread":77,"minecraft:oak_sapling":11,"minecraft:netherrack":2,"minecraft:diamond_pickaxe":1,"minecraft:cocoa_beans":73,"minecraft:crafting_table":38,"minecraft:azure_bluet":14,"minecraft:ominous_bottle":4,"minecraft:chicken":4,"minecraft:clay_ball":10,"minecraft:pink_wool":6,"minecraft:gold_block":3,"minecraft:shield":3,"minecraft:cornflower":2,"minecraft:iron_axe":2,"minecraft:flint_and_steel":2,"minecraft:iron_shovel":7,"minecraft:beef":14,"minecraft:oak_boat":3,"minecraft:jungle_sapling":9,"minecraft:poppy":6,"minecraft:light_gray_wool":2,"minecraft:spruce_slab":1,"minecraft:sugar_cane":28,"minecraft:chest":24,"minecraft:birch_sapling":26,"minecraft:egg":7,"minecraft:dark_oak_sapling":35,"minecraft:raw_iron":672,"minecraft:sandstone":8,"minecraft:stone":223,"minecraft:copper_ingot":84,"minecraft:fire_charge":1,"minecraft:carrot":73,"minecraft:redstone":165,"minecraft:prismarine_crystals":1,"minecraft:dark_oak_planks":126,"minecraft:arrow":37,"minecraft:stone_shovel":1,"minecraft:beetroot_seeds":151,"minecraft:golden_hoe":1,"minecraft:peony":8,"minecraft:saddle":1,"minecraft:gold_ingot":112,"minecraft:glow_berries":7,"minecraft:mutton":41,"minecraft:rail":128,"minecraft:white_wool":39,"minecraft:oxeye_daisy":8,"minecraft:birch_leaves":1,"minecraft:salmon":8,"minecraft:cut_sandstone":8,"minecraft:leather":13,"minecraft:filled_map":2,"minecraft:birch_planks":70,"minecraft:oak_log":94,"minecraft:golden_boots":1,"minecraft:gunpowder":9,"minecraft:white_banner":2,"minecraft:cooked_mutton":32,"minecraft:apple":8,"minecraft:stone_bricks":5,"minecraft:iron_ingot":176,"minecraft:stone_pickaxe":2,"minecraft:iron_sword":2,"minecraft:dark_oak_stairs":15,"minecraft:pink_bed":34,"minecraft:polished_andesite_stairs":58,"minecraft:dark_oak_slab":15,"minecraft:pumpkin":5,"minecraft:sweet_berries":53,"minecraft:chiseled_stone_bricks":3,"minecraft:dandelion":44,"minecraft:dripstone_block":1,"minecraft:gravel":239,"minecraft:spruce_sapling":5,"minecraft:spruce_log":19,"minecraft:spider_eye":6,"minecraft:music_disc_mall":1,"minecraft:polished_diorite":216,"minecraft:stone_axe":1,"minecraft:iron_helmet":2,"minecraft:diamond_axe":1,"minecraft:cherry_sapling":43,"minecraft:baked_potato":88,"minecraft:melon_seeds":1,"minecraft:black_wool":5,"minecraft:coal":2226,"minecraft:ender_pearl":2},"minecraft:custom":{"minecraft:interact_with_crafting_table":167,"minecraft:open_barrel":3,"minecraft:leave_game":10,"minecraft:time_since_death":464106,"minecraft:sprint_one_cm":1607052,"minecraft:damage_blocked_by_shield":7001,"minecraft:drop":307,"minecraft:talked_to_villager":1,"minecraft:play_time":1094074,"minecraft:deaths":6,"minecraft:jump":17447,"minecraft:walk_on_water_one_cm":181358,"minecraft:interact_with_furnace":442,"minecraft:sleep_in_bed":72,"minecraft:damage_dealt":37864,"minecraft:crouch_one_cm":326507,"minecraft:horse_one_cm":2574,"minecraft:mob_kills":225,"minecraft:climb_one_cm":3737,"minecraft:walk_one_cm":5146837,"minecraft:sneak_time":84406,"minecraft:walk_under_water_one_cm":93336,"minecraft:boat_one_cm":1473453,"minecraft:total_world_time":1094074,"minecraft:interact_with_stonecutter":17,"minecraft:interact_with_grindstone":1,"minecraft:time_since_rest":2644,"minecraft:damage_taken":10853,"minecraft:swim_one_cm":305459,"minecraft:fly_one_cm":2720249,"minecraft:open_chest":528,"minecraft:fall_one_cm":363896},"minecraft:broken":{"minecraft:iron_shovel":11,"minecraft:wooden_shovel":1,"minecraft:iron_boots":1,"minecraft:stone_pickaxe":1,"minecraft:golden_hoe":2,"minecraft:shield":2,"minecraft:golden_axe":1,"minecraft:iron_axe":3,"minecraft:iron_pickaxe":18,"minecraft:iron_helmet":1},"minecraft:killed":{"minecraft:cave_spider":8,"minecraft:witch":1,"minecraft:spider":12,"minecraft:skeleton":31,"minecraft:chicken":3,"minecraft:pig":8,"minecraft:zombie_villager":1,"minecraft:salmon":8,"minecraft:creeper":12,"minecraft:sheep":28,"minecraft:pillager":7,"minecraft:zombie":87,"minecraft:cow":8,"minecraft:endermite":1,"minecraft:enderman":6},"minecraft:mined":{"minecraft:dark_oak_planks":58,"minecraft:spruce_planks":16,"minecraft:oak_sapling":1,"minecraft:farmland":4,"minecraft:pink_bed":30,"minecraft:cherry_log":78,"minecraft:obsidian":1,"minecraft:granite":589,"minecraft:grass_block":1104,"minecraft:jungle_log":30,"minecraft:polished_diorite":145,"minecraft:oxeye_daisy":4,"minecraft:chiseled_stone_bricks":3,"minecraft:smooth_stone":221,"minecraft:tall_seagrass":2,"minecraft:iron_ore":521,"minecraft:cobbled_deepslate":10,"minecraft:fire":39,"minecraft:pumpkin":5,"minecraft:deepslate_lapis_ore":12,"minecraft:azure_bluet":7,"minecraft:dark_oak_stairs":15,"minecraft:cave_vines":2,"minecraft:dirt_path":12,"minecraft:oak_stairs":8,"minecraft:spruce_slab":1,"minecraft:deepslate_redstone_ore":15,"minecraft:cut_sandstone":6,"minecraft:clay":1,"minecraft:torch":74,"minecraft:polished_andesite_stairs":56,"minecraft:poppy":4,"minecraft:melon":11,"minecraft:chest":24,"minecraft:glass":6,"minecraft:cobblestone":59,"minecraft:oak_planks":34,"minecraft:sugar_cane":12,"minecraft:wall_torch":16,"minecraft:pink_petals":1,"minecraft:dark_oak_slab":19,"minecraft:birch_log":402,"minecraft:wheat":372,"minecraft:lilac":1,"minecraft:black_bed":40,"minecraft:oak_log":63,"minecraft:beetroots":58,"minecraft:sand":207,"minecraft:dirt":1489,"minecraft:stonecutter":1,"minecraft:netherrack":2,"minecraft:oak_leaves":17,"minecraft:deepslate":78,"minecraft:deepslate_diamond_ore":37,"minecraft:dark_oak_leaves":12,"minecraft:cherry_sapling":1,"minecraft:dark_oak_log":360,"minecraft:jungle_planks":18,"minecraft:spruce_leaves":4,"minecraft:sandstone":7,"minecraft:redstone_ore":4,"minecraft:furnace":26,"minecraft:carrots":18,"minecraft:chiseled_sandstone":1,"minecraft:snow":68,"minecraft:andesite":590,"minecraft:peony":7,"minecraft:gold_block":3,"minecraft:potatoes":66,"minecraft:deepslate_iron_ore":79,"minecraft:vine":7,"minecraft:rail":127,"minecraft:bamboo":15,"minecraft:stone":1585,"minecraft:birch_stairs":1,"minecraft:cherry_planks":6,"minecraft:snow_block":2,"minecraft:dandelion":22,"minecraft:polished_granite":131,"minecraft:oak_fence":4,"minecraft:crafting_table":39,"minecraft:cobbled_deepslate_wall":9,"minecraft:cornflower":1,"minecraft:short_grass":749,"minecraft:rose_bush":1,"minecraft:copper_ore":9,"minecraft:tall_grass":92,"minecraft:deepslate_gold_ore":95,"minecraft:diorite":390,"minecraft:birch_planks":71,"minecraft:sweet_berry_bush":23,"minecraft:ice":1,"minecraft:spruce_log":19,"minecraft:birch_leaves":9,"minecraft:coal_ore":1098,"minecraft:cherry_leaves":15,"minecraft:gravel":218,"minecraft:cobweb":67,"minecraft:polished_andesite":48,"minecraft:stone_bricks":5,"minecraft:gold_ore":21,"minecraft:fern":9},"minecraft:crafted":{"minecraft:smooth_stone":763,"minecraft:oak_planks":352,"minecraft:dark_oak_boat":2,"minecraft:pink_bed":2,"minecraft:cooked_chicken":3,"minecraft:stone":1414,"minecraft:cooked_mutton":28,"minecraft:glass":128,"minecraft:iron_boots":4,"minecraft:melon_seeds":22,"minecraft:chest":39,"minecraft:raw_iron_block":34,"minecraft:wooden_shovel":1,"minecraft:cooked_porkchop":14,"minecraft:diamond_axe":1,"minecraft:crafting_table":12,"minecraft:spruce_planks":96,"minecraft:polished_andesite_stairs":10,"minecraft:iron_helmet":5,"minecraft:wooden_pickaxe":2,"minecraft:baked_potato":83,"minecraft:cobbled_deepslate_wall":72,"minecraft:gold_block":13,"minecraft:birch_planks":1628,"minecraft:pumpkin_seeds":20,"minecraft:dark_oak_slab":30,"minecraft:iron_chestplate":4,"minecraft:pink_wool":6,"minecraft:diamond_pickaxe":2,"minecraft:shield":4,"minecraft:stick":452,"minecraft:iron_ingot":500,"minecraft:iron_pickaxe":25,"minecraft:andesite_stairs":1,"minecraft:iron_block":29,"minecraft:snow_block":6,"minecraft:black_bed":1,"minecraft:gold_ingot":134,"minecraft:sandstone":6,"minecraft:polished_andesite":160,"minecraft:cherry_planks":96,"minecraft:coal":742,"minecraft:raw_iron":306,"minecraft:stone_shovel":1,"minecraft:furnace":10,"minecraft:bone_meal":156,"minecraft:pink_dye":14,"minecraft:glass_pane":80,"minecraft:flint_and_steel":1,"minecraft:polished_diorite":184,"minecraft:iron_axe":4,"minecraft:stone_pickaxe":9,"minecraft:dark_oak_planks":784,"minecraft:cooked_beef":5,"minecraft:coal_block":86,"minecraft:dark_oak_stairs":28,"minecraft:iron_sword":3,"minecraft:polished_granite":896,"minecraft:cooked_salmon":8,"minecraft:bucket":1,"minecraft:stone_axe":4,"minecraft:jungle_planks":204,"minecraft:bread":148,"minecraft:air":0,"minecraft:oak_boat":2,"minecraft:wooden_axe":1,"minecraft:iron_shovel":33,"minecraft:iron_leggings":4,"minecraft:stonecutter":1,"minecraft:torch":1068}},"DataVersion":3955}