{"stats":{"minecraft:dropped":{"minecraft:iron_sword":3,"minecraft:birch_planks":4,"minecraft:ominous_bottle":1,"minecraft:cooked_beef":2,"minecraft:dark_oak_sapling":6,"minecraft:cooked_porkchop":2,"minecraft:glow_berries":1,"minecraft:rail":1,"minecraft:dirt":1234,"minecraft:jungle_sapling":4,"minecraft:iron_pickaxe":4,"minecraft:dark_oak_planks":6,"minecraft:white_wool":14,"minecraft:gravel":98,"minecraft:stone_axe":5,"minecraft:pink_bed":4,"minecraft:golden_chestplate":1,"minecraft:cobbled_deepslate":19,"minecraft:pink_dye":8,"minecraft:beetroot":1,"minecraft:rotten_flesh":4,"minecraft:oak_planks":19,"minecraft:melon_seeds":2,"minecraft:arrow":4,"minecraft:polished_granite":56,"minecraft:egg":1,"minecraft:iron_ingot":64,"minecraft:golden_boots":1,"minecraft:bread":37,"minecraft:wheat_seeds":41,"minecraft:golden_helmet":1,"minecraft:iron_helmet":1,"minecraft:feather":2,"minecraft:cobblestone":153,"minecraft:apple":1,"minecraft:granite":1,"minecraft:tropical_fish":1,"minecraft:stick":19,"minecraft:diorite":261,"minecraft:torch":33,"minecraft:wooden_axe":1,"minecraft:iron_leggings":1,"minecraft:smooth_stone":11,"minecraft:iron_shovel":16,"minecraft:string":13,"minecraft:polished_diorite":37,"minecraft:furnace":2,"minecraft:stone_sword":1,"minecraft:raw_copper":29,"minecraft:cocoa_beans":45,"minecraft:stone_shovel":2,"minecraft:light_gray_wool":1,"minecraft:clay_ball":2,"minecraft:iron_boots":1,"minecraft:pumpkin_seeds":1,"minecraft:flint_and_steel":1,"minecraft:iron_chestplate":1,"minecraft:diamond_pickaxe":2,"minecraft:andesite":4,"minecraft:pink_wool":6,"minecraft:golden_leggings":1,"minecraft:oak_sapling":2,"minecraft:spider_eye":2,"minecraft:bamboo":61,"minecraft:stone_pickaxe":9,"minecraft:wooden_pickaxe":2},"minecraft:mined":{"minecraft:dark_oak_planks":42,"minecraft:oak_sapling":1,"minecraft:farmland":4,"minecraft:pink_bed":28,"minecraft:granite":348,"minecraft:grass_block":1049,"minecraft:jungle_log":30,"minecraft:polished_diorite":141,"minecraft:oxeye_daisy":4,"minecraft:chiseled_stone_bricks":3,"minecraft:smooth_stone":33,"minecraft:iron_ore":508,"minecraft:fire":35,"minecraft:pumpkin":5,"minecraft:deepslate_lapis_ore":12,"minecraft:azure_bluet":7,"minecraft:dark_oak_stairs":15,"minecraft:cave_vines":2,"minecraft:dirt_path":12,"minecraft:deepslate_redstone_ore":15,"minecraft:clay":1,"minecraft:torch":3,"minecraft:poppy":4,"minecraft:melon":11,"minecraft:polished_andesite_stairs":3,"minecraft:chest":24,"minecraft:cobblestone":53,"minecraft:sugar_cane":12,"minecraft:oak_planks":16,"minecraft:wall_torch":11,"minecraft:dark_oak_slab":19,"minecraft:birch_log":262,"minecraft:wheat":213,"minecraft:lilac":1,"minecraft:black_bed":14,"minecraft:oak_log":57,"minecraft:beetroots":58,"minecraft:dirt":1467,"minecraft:stonecutter":1,"minecraft:netherrack":2,"minecraft:oak_leaves":16,"minecraft:deepslate":78,"minecraft:dark_oak_leaves":12,"minecraft:deepslate_diamond_ore":37,"minecraft:dark_oak_log":317,"minecraft:jungle_planks":18,"minecraft:spruce_leaves":4,"minecraft:redstone_ore":4,"minecraft:furnace":23,"minecraft:carrots":18,"minecraft:snow":68,"minecraft:andesite":590,"minecraft:peony":7,"minecraft:gold_block":1,"minecraft:deepslate_iron_ore":79,"minecraft:vine":7,"minecraft:rail":127,"minecraft:bamboo":15,"minecraft:stone":1540,"minecraft:dandelion":22,"minecraft:polished_granite":111,"minecraft:oak_fence":4,"minecraft:cobbled_deepslate_wall":4,"minecraft:crafting_table":37,"minecraft:cornflower":1,"minecraft:short_grass":743,"minecraft:tall_grass":91,"minecraft:copper_ore":9,"minecraft:deepslate_gold_ore":95,"minecraft:diorite":298,"minecraft:birch_planks":59,"minecraft:sweet_berry_bush":23,"minecraft:spruce_log":19,"minecraft:birch_leaves":8,"minecraft:coal_ore":953,"minecraft:gravel":218,"minecraft:cobweb":67,"minecraft:polished_andesite":16,"minecraft:stone_bricks":5,"minecraft:gold_ore":21,"minecraft:fern":9},"minecraft:crafted":{"minecraft:smooth_stone":532,"minecraft:oak_planks":328,"minecraft:dark_oak_boat":1,"minecraft:pink_bed":2,"minecraft:cooked_chicken":3,"minecraft:stone":930,"minecraft:cooked_mutton":28,"minecraft:iron_boots":3,"minecraft:melon_seeds":22,"minecraft:chest":35,"minecraft:raw_iron_block":34,"minecraft:wooden_shovel":1,"minecraft:cooked_porkchop":14,"minecraft:diamond_axe":1,"minecraft:crafting_table":8,"minecraft:polished_andesite_stairs":10,"minecraft:wooden_pickaxe":2,"minecraft:iron_helmet":3,"minecraft:cobbled_deepslate_wall":12,"minecraft:birch_planks":1116,"minecraft:pumpkin_seeds":20,"minecraft:dark_oak_slab":30,"minecraft:iron_chestplate":3,"minecraft:diamond_pickaxe":2,"minecraft:pink_wool":6,"minecraft:shield":3,"minecraft:stick":392,"minecraft:iron_ingot":500,"minecraft:iron_pickaxe":21,"minecraft:iron_block":29,"minecraft:snow_block":4,"minecraft:gold_ingot":116,"minecraft:black_bed":1,"minecraft:polished_andesite":32,"minecraft:coal":576,"minecraft:raw_iron":306,"minecraft:stone_shovel":1,"minecraft:furnace":10,"minecraft:bone_meal":123,"minecraft:pink_dye":14,"minecraft:flint_and_steel":1,"minecraft:polished_diorite":92,"minecraft:iron_axe":4,"minecraft:stone_pickaxe":9,"minecraft:dark_oak_planks":708,"minecraft:cooked_beef":5,"minecraft:coal_block":86,"minecraft:dark_oak_stairs":28,"minecraft:iron_sword":3,"minecraft:cooked_salmon":8,"minecraft:polished_granite":656,"minecraft:bucket":1,"minecraft:stone_axe":4,"minecraft:jungle_planks":204,"minecraft:bread":93,"minecraft:air":0,"minecraft:oak_boat":1,"minecraft:wooden_axe":1,"minecraft:iron_shovel":31,"minecraft:iron_leggings":3,"minecraft:stonecutter":1,"minecraft:torch":960},"minecraft:used":{"minecraft:beetroot":17,"minecraft:iron_shovel":3014,"minecraft:chest":55,"minecraft:shield":127,"minecraft:iron_sword":396,"minecraft:stone":1,"minecraft:rotten_flesh":58,"minecraft:jungle_planks":18,"minecraft:carrot":72,"minecraft:snowball":31,"minecraft:polished_andesite_stairs":35,"minecraft:iron_helmet":1,"minecraft:dark_oak_slab":25,"minecraft:stone_bricks":5,"minecraft:bow":9,"minecraft:dark_oak_boat":4,"minecraft:sweet_berries":53,"minecraft:oak_sapling":2,"minecraft:furnace":29,"minecraft:beetroot_seeds":139,"minecraft:egg":2,"minecraft:dark_oak_sapling":23,"minecraft:dark_oak_stairs":15,"minecraft:diorite":6,"minecraft:stone_pickaxe":312,"minecraft:oak_planks":16,"minecraft:ender_pearl":1,"minecraft:wooden_pickaxe":14,"minecraft:sugar_cane":27,"minecraft:diamond_axe":290,"minecraft:golden_hoe":64,"minecraft:black_bed":16,"minecraft:dripstone_block":1,"minecraft:pumpkin_seeds":24,"minecraft:dark_oak_log":4,"minecraft:melon_slice":31,"minecraft:bread":32,"minecraft:brown_wool":1,"minecraft:polished_granite":113,"minecraft:gravel":21,"minecraft:lilac":1,"minecraft:andesite":18,"minecraft:oak_boat":3,"minecraft:bone_meal":74,"minecraft:stone_sword":20,"minecraft:flint_and_steel":52,"minecraft:stone_shovel":10,"minecraft:wooden_shovel":59,"minecraft:cooked_salmon":10,"minecraft:cooked_chicken":3,"minecraft:netherrack":2,"minecraft:torch":881,"minecraft:dirt":2420,"minecraft:polished_diorite":525,"minecraft:dark_oak_planks":42,"minecraft:wooden_axe":21,"minecraft:iron_axe":688,"minecraft:melon_seeds":24,"minecraft:bamboo":7,"minecraft:cooked_beef":3,"minecraft:cobbled_deepslate":46,"minecraft:golden_axe":69,"minecraft:cobbled_deepslate_wall":14,"minecraft:wheat_seeds":414,"minecraft:cooked_mutton":22,"minecraft:water_bucket":90,"minecraft:birch_planks":988,"minecraft:polished_andesite":16,"minecraft:stonecutter":2,"minecraft:crafting_table":41,"minecraft:spruce_log":3,"minecraft:oak_log":5,"minecraft:diamond_pickaxe":432,"minecraft:apple":6,"minecraft:iron_pickaxe":4365,"minecraft:pink_bed":28,"minecraft:stone_axe":49,"minecraft:chiseled_stone_bricks":8,"minecraft:cobblestone":288,"minecraft:cooked_porkchop":20,"minecraft:bucket":91,"minecraft:smooth_stone":539},"minecraft:killed":{"minecraft:cave_spider":8,"minecraft:spider":9,"minecraft:skeleton":24,"minecraft:chicken":3,"minecraft:pig":8,"minecraft:zombie_villager":1,"minecraft:salmon":8,"minecraft:creeper":9,"minecraft:sheep":28,"minecraft:pillager":7,"minecraft:zombie":73,"minecraft:cow":8,"minecraft:endermite":1,"minecraft:enderman":2},"minecraft:custom":{"minecraft:interact_with_crafting_table":129,"minecraft:leave_game":6,"minecraft:time_since_death":125040,"minecraft:sprint_one_cm":939224,"minecraft:damage_blocked_by_shield":6096,"minecraft:drop":187,"minecraft:play_time":755008,"minecraft:deaths":6,"minecraft:jump":10828,"minecraft:walk_on_water_one_cm":127168,"minecraft:interact_with_furnace":336,"minecraft:sleep_in_bed":42,"minecraft:damage_dealt":30383,"minecraft:crouch_one_cm":229455,"minecraft:horse_one_cm":2574,"minecraft:mob_kills":192,"minecraft:climb_one_cm":2539,"minecraft:walk_one_cm":3728133,"minecraft:sneak_time":62349,"minecraft:walk_under_water_one_cm":53966,"minecraft:boat_one_cm":541530,"minecraft:total_world_time":755008,"minecraft:interact_with_stonecutter":8,"minecraft:time_since_rest":874,"minecraft:damage_taken":7764,"minecraft:swim_one_cm":136980,"minecraft:fly_one_cm":1497658,"minecraft:open_chest":318,"minecraft:fall_one_cm":203831},"minecraft:killed_by":{"minecraft:creeper":1,"minecraft:zombie":2,"minecraft:skeleton":1},"minecraft:broken":{"minecraft:iron_shovel":11,"minecraft:wooden_shovel":1,"minecraft:stone_pickaxe":1,"minecraft:golden_hoe":2,"minecraft:shield":1,"minecraft:golden_axe":1,"minecraft:iron_axe":3,"minecraft:iron_pickaxe":16},"minecraft:picked_up":{"minecraft:iron_chestplate":2,"minecraft:wheat":219,"minecraft:lead":3,"minecraft:string":98,"minecraft:raw_copper":57,"minecraft:cooked_salmon":2,"minecraft:iron_leggings":1,"minecraft:beetroot":62,"minecraft:cobbled_deepslate":113,"minecraft:smooth_stone":39,"minecraft:iron_pickaxe":5,"minecraft:melon_slice":89,"minecraft:iron_boots":1,"minecraft:furnace":21,"minecraft:golden_helmet":1,"minecraft:stick":64,"minecraft:oak_fence":5,"minecraft:torch":185,"minecraft:porkchop":17,"minecraft:golden_axe":1,"minecraft:diorite":367,"minecraft:golden_chestplate":1,"minecraft:stone_sword":1,"minecraft:rotten_flesh":74,"minecraft:tropical_fish":1,"minecraft:snowball":47,"minecraft:cobblestone":4919,"minecraft:birch_log":279,"minecraft:feather":2,"minecraft:lilac":2,"minecraft:water_bucket":1,"minecraft:andesite":568,"minecraft:jungle_log":51,"minecraft:dark_oak_boat":3,"minecraft:black_bed":17,"minecraft:brown_wool":3,"minecraft:golden_leggings":1,"minecraft:flint":23,"minecraft:lapis_lazuli":125,"minecraft:dirt":5632,"minecraft:polished_granite":155,"minecraft:name_tag":3,"minecraft:bone":29,"minecraft:stonecutter":1,"minecraft:bow":1,"minecraft:cobbled_deepslate_wall":2,"minecraft:wheat_seeds":857,"minecraft:raw_gold":117,"minecraft:bamboo":198,"minecraft:oak_planks":201,"minecraft:cooked_porkchop":8,"minecraft:music_disc_13":2,"minecraft:jungle_planks":221,"minecraft:dark_oak_log":703,"minecraft:polished_andesite":48,"minecraft:diamond":37,"minecraft:granite":677,"minecraft:bone_meal":23,"minecraft:golden_apple":2,"minecraft:bread":69,"minecraft:oak_sapling":11,"minecraft:netherrack":2,"minecraft:diamond_pickaxe":1,"minecraft:cocoa_beans":73,"minecraft:crafting_table":36,"minecraft:azure_bluet":14,"minecraft:ominous_bottle":4,"minecraft:chicken":3,"minecraft:clay_ball":10,"minecraft:pink_wool":6,"minecraft:gold_block":1,"minecraft:shield":2,"minecraft:cornflower":2,"minecraft:iron_axe":1,"minecraft:flint_and_steel":2,"minecraft:iron_shovel":6,"minecraft:beef":14,"minecraft:oak_boat":2,"minecraft:jungle_sapling":9,"minecraft:poppy":6,"minecraft:light_gray_wool":2,"minecraft:sugar_cane":28,"minecraft:chest":24,"minecraft:birch_sapling":26,"minecraft:egg":5,"minecraft:dark_oak_sapling":29,"minecraft:raw_iron":659,"minecraft:copper_ingot":84,"minecraft:fire_charge":1,"minecraft:carrot":73,"minecraft:redstone":160,"minecraft:dark_oak_planks":114,"minecraft:stone_shovel":1,"minecraft:arrow":28,"minecraft:beetroot_seeds":151,"minecraft:peony":8,"minecraft:golden_hoe":1,"minecraft:saddle":1,"minecraft:gold_ingot":112,"minecraft:glow_berries":7,"minecraft:mutton":41,"minecraft:rail":128,"minecraft:white_wool":39,"minecraft:oxeye_daisy":8,"minecraft:salmon":8,"minecraft:leather":13,"minecraft:birch_planks":58,"minecraft:oak_log":88,"minecraft:golden_boots":1,"minecraft:gunpowder":6,"minecraft:white_banner":2,"minecraft:cooked_mutton":21,"minecraft:stone_bricks":5,"minecraft:apple":7,"minecraft:iron_ingot":175,"minecraft:stone_pickaxe":2,"minecraft:iron_sword":2,"minecraft:dark_oak_stairs":15,"minecraft:pink_bed":30,"minecraft:polished_andesite_stairs":5,"minecraft:dark_oak_slab":15,"minecraft:pumpkin":5,"minecraft:sweet_berries":53,"minecraft:chiseled_stone_bricks":3,"minecraft:dandelion":44,"minecraft:dripstone_block":1,"minecraft:gravel":239,"minecraft:spruce_sapling":5,"minecraft:spruce_log":19,"minecraft:spider_eye":2,"minecraft:polished_diorite":212,"minecraft:stone_axe":1,"minecraft:iron_helmet":1,"minecraft:diamond_axe":1,"minecraft:black_wool":5,"minecraft:melon_seeds":1,"minecraft:coal":1800,"minecraft:ender_pearl":1}},"DataVersion":3955}