{"stats":{"minecraft:broken":{"minecraft:iron_shovel":11,"minecraft:wooden_shovel":1,"minecraft:stone_pickaxe":1,"minecraft:golden_hoe":2,"minecraft:shield":1,"minecraft:golden_axe":1,"minecraft:iron_axe":3,"minecraft:iron_pickaxe":8},"minecraft:custom":{"minecraft:interact_with_crafting_table":88,"minecraft:leave_game":5,"minecraft:time_since_death":349576,"minecraft:sprint_one_cm":632896,"minecraft:damage_blocked_by_shield":5082,"minecraft:drop":117,"minecraft:play_time":500827,"minecraft:deaths":5,"minecraft:jump":7095,"minecraft:walk_on_water_one_cm":72264,"minecraft:interact_with_furnace":139,"minecraft:sleep_in_bed":30,"minecraft:damage_dealt":23102,"minecraft:crouch_one_cm":181188,"minecraft:horse_one_cm":2574,"minecraft:mob_kills":152,"minecraft:climb_one_cm":2539,"minecraft:walk_one_cm":2329908,"minecraft:sneak_time":47259,"minecraft:walk_under_water_one_cm":27444,"minecraft:boat_one_cm":481056,"minecraft:total_world_time":500827,"minecraft:time_since_rest":10215,"minecraft:damage_taken":5803,"minecraft:swim_one_cm":110217,"minecraft:fly_one_cm":966383,"minecraft:open_chest":160,"minecraft:fall_one_cm":138733},"minecraft:mined":{"minecraft:dark_oak_planks":41,"minecraft:oak_sapling":1,"minecraft:farmland":4,"minecraft:pink_bed":25,"minecraft:granite":347,"minecraft:grass_block":1034,"minecraft:jungle_log":30,"minecraft:polished_diorite":91,"minecraft:oxeye_daisy":4,"minecraft:iron_ore":262,"minecraft:fire":23,"minecraft:deepslate_lapis_ore":12,"minecraft:azure_bluet":7,"minecraft:cave_vines":2,"minecraft:dirt_path":11,"minecraft:deepslate_redstone_ore":15,"minecraft:clay":1,"minecraft:torch":1,"minecraft:poppy":3,"minecraft:melon":1,"minecraft:cobblestone":33,"minecraft:sugar_cane":12,"minecraft:oak_planks":16,"minecraft:wall_torch":4,"minecraft:dark_oak_slab":4,"minecraft:birch_log":240,"minecraft:wheat":1,"minecraft:lilac":1,"minecraft:black_bed":5,"minecraft:oak_log":57,"minecraft:beetroots":6,"minecraft:dirt":1421,"minecraft:netherrack":2,"minecraft:oak_leaves":16,"minecraft:deepslate":65,"minecraft:dark_oak_leaves":11,"minecraft:deepslate_diamond_ore":35,"minecraft:dark_oak_log":287,"minecraft:jungle_planks":18,"minecraft:redstone_ore":4,"minecraft:furnace":16,"minecraft:carrots":5,"minecraft:andesite":32,"minecraft:peony":7,"minecraft:gold_block":1,"minecraft:deepslate_iron_ore":73,"minecraft:vine":7,"minecraft:bamboo":15,"minecraft:stone":1233,"minecraft:dandelion":22,"minecraft:polished_granite":94,"minecraft:crafting_table":28,"minecraft:cornflower":1,"minecraft:short_grass":739,"minecraft:tall_grass":90,"minecraft:copper_ore":7,"minecraft:deepslate_gold_ore":95,"minecraft:diorite":233,"minecraft:birch_planks":11,"minecraft:sweet_berry_bush":23,"minecraft:birch_leaves":8,"minecraft:coal_ore":605,"minecraft:gravel":195,"minecraft:polished_andesite":16,"minecraft:gold_ore":10,"minecraft:fern":9},"minecraft:used":{"minecraft:iron_shovel":2873,"minecraft:chest":18,"minecraft:shield":107,"minecraft:iron_sword":212,"minecraft:rotten_flesh":58,"minecraft:jungle_planks":18,"minecraft:carrot":22,"minecraft:dark_oak_slab":10,"minecraft:bow":9,"minecraft:dark_oak_boat":4,"minecraft:sweet_berries":53,"minecraft:furnace":19,"minecraft:oak_sapling":2,"minecraft:beetroot_seeds":24,"minecraft:egg":1,"minecraft:dark_oak_sapling":19,"minecraft:diorite":2,"minecraft:stone_pickaxe":308,"minecraft:oak_planks":16,"minecraft:ender_pearl":1,"minecraft:wooden_pickaxe":14,"minecraft:diamond_axe":61,"minecraft:sugar_cane":27,"minecraft:golden_hoe":64,"minecraft:dripstone_block":1,"minecraft:black_bed":5,"minecraft:pumpkin_seeds":5,"minecraft:dark_oak_log":4,"minecraft:bread":4,"minecraft:brown_wool":1,"minecraft:polished_granite":92,"minecraft:gravel":15,"minecraft:lilac":1,"minecraft:oak_boat":3,"minecraft:bone_meal":74,"minecraft:stone_sword":20,"minecraft:flint_and_steel":23,"minecraft:stone_shovel":10,"minecraft:wooden_shovel":59,"minecraft:cooked_salmon":10,"minecraft:cooked_chicken":3,"minecraft:netherrack":2,"minecraft:torch":488,"minecraft:dirt":2351,"minecraft:polished_diorite":131,"minecraft:wooden_axe":21,"minecraft:dark_oak_planks":41,"minecraft:iron_axe":688,"minecraft:melon_seeds":10,"minecraft:bamboo":7,"minecraft:cooked_beef":3,"minecraft:cobbled_deepslate":40,"minecraft:golden_axe":69,"minecraft:wheat_seeds":137,"minecraft:cooked_mutton":18,"minecraft:water_bucket":53,"minecraft:birch_planks":363,"minecraft:polished_andesite":16,"minecraft:crafting_table":32,"minecraft:oak_log":5,"minecraft:diamond_pickaxe":432,"minecraft:apple":5,"minecraft:iron_pickaxe":2539,"minecraft:stone_axe":49,"minecraft:pink_bed":27,"minecraft:cobblestone":158,"minecraft:cooked_porkchop":19,"minecraft:bucket":54},"minecraft:dropped":{"minecraft:iron_sword":1,"minecraft:ominous_bottle":1,"minecraft:cooked_beef":2,"minecraft:dark_oak_sapling":6,"minecraft:cooked_porkchop":2,"minecraft:glow_berries":1,"minecraft:dirt":64,"minecraft:jungle_sapling":4,"minecraft:iron_pickaxe":4,"minecraft:dark_oak_planks":6,"minecraft:white_wool":14,"minecraft:gravel":88,"minecraft:stone_axe":5,"minecraft:golden_chestplate":1,"minecraft:cobbled_deepslate":11,"minecraft:pink_dye":8,"minecraft:rotten_flesh":4,"minecraft:oak_planks":18,"minecraft:arrow":2,"minecraft:polished_granite":56,"minecraft:iron_ingot":64,"minecraft:golden_boots":1,"minecraft:wheat_seeds":41,"minecraft:golden_helmet":1,"minecraft:feather":2,"minecraft:iron_helmet":1,"minecraft:cobblestone":66,"minecraft:apple":1,"minecraft:tropical_fish":1,"minecraft:stick":3,"minecraft:diorite":259,"minecraft:torch":16,"minecraft:wooden_axe":1,"minecraft:iron_leggings":1,"minecraft:iron_shovel":16,"minecraft:string":1,"minecraft:polished_diorite":37,"minecraft:stone_sword":1,"minecraft:cocoa_beans":45,"minecraft:stone_shovel":2,"minecraft:light_gray_wool":1,"minecraft:clay_ball":2,"minecraft:iron_boots":1,"minecraft:iron_chestplate":1,"minecraft:diamond_pickaxe":2,"minecraft:pink_wool":6,"minecraft:golden_leggings":1,"minecraft:oak_sapling":2,"minecraft:spider_eye":1,"minecraft:bamboo":61,"minecraft:stone_pickaxe":9,"minecraft:wooden_pickaxe":2},"minecraft:picked_up":{"minecraft:string":3,"minecraft:raw_copper":28,"minecraft:cooked_salmon":2,"minecraft:beetroot":6,"minecraft:cobbled_deepslate":75,"minecraft:iron_pickaxe":4,"minecraft:melon_slice":7,"minecraft:furnace":15,"minecraft:golden_helmet":1,"minecraft:stick":41,"minecraft:torch":153,"minecraft:porkchop":17,"minecraft:golden_axe":1,"minecraft:diorite":296,"minecraft:golden_chestplate":1,"minecraft:stone_sword":1,"minecraft:rotten_flesh":62,"minecraft:tropical_fish":1,"minecraft:cobblestone":1467,"minecraft:birch_log":256,"minecraft:feather":2,"minecraft:lilac":1,"minecraft:andesite":32,"minecraft:jungle_log":51,"minecraft:dark_oak_boat":3,"minecraft:brown_wool":2,"minecraft:black_bed":5,"minecraft:golden_leggings":1,"minecraft:flint":21,"minecraft:dirt":2830,"minecraft:lapis_lazuli":61,"minecraft:polished_granite":84,"minecraft:bone":23,"minecraft:bow":1,"minecraft:wheat_seeds":179,"minecraft:raw_gold":105,"minecraft:bamboo":134,"minecraft:oak_planks":16,"minecraft:cooked_porkchop":8,"minecraft:jungle_planks":17,"minecraft:dark_oak_log":435,"minecraft:polished_andesite":16,"minecraft:diamond":35,"minecraft:granite":676,"minecraft:oak_sapling":8,"minecraft:netherrack":2,"minecraft:cocoa_beans":45,"minecraft:crafting_table":27,"minecraft:azure_bluet":7,"minecraft:ominous_bottle":3,"minecraft:chicken":3,"minecraft:clay_ball":6,"minecraft:pink_wool":6,"minecraft:gold_block":1,"minecraft:shield":1,"minecraft:cornflower":1,"minecraft:iron_axe":1,"minecraft:iron_shovel":5,"minecraft:beef":14,"minecraft:oak_boat":2,"minecraft:jungle_sapling":4,"minecraft:poppy":3,"minecraft:light_gray_wool":2,"minecraft:sugar_cane":27,"minecraft:birch_sapling":12,"minecraft:egg":3,"minecraft:dark_oak_sapling":24,"minecraft:raw_iron":409,"minecraft:carrot":23,"minecraft:redstone":81,"minecraft:dark_oak_planks":77,"minecraft:stone_shovel":1,"minecraft:arrow":24,"minecraft:beetroot_seeds":14,"minecraft:peony":7,"minecraft:saddle":1,"minecraft:glow_berries":1,"minecraft:mutton":41,"minecraft:white_wool":23,"minecraft:oxeye_daisy":4,"minecraft:salmon":8,"minecraft:leather":13,"minecraft:birch_planks":11,"minecraft:oak_log":88,"minecraft:golden_boots":1,"minecraft:gunpowder":3,"minecraft:white_banner":2,"minecraft:cooked_mutton":5,"minecraft:apple":6,"minecraft:iron_ingot":84,"minecraft:stone_pickaxe":1,"minecraft:pink_bed":25,"minecraft:dark_oak_slab":3,"minecraft:sweet_berries":53,"minecraft:dandelion":22,"minecraft:dripstone_block":1,"minecraft:gravel":163,"minecraft:spider_eye":1,"minecraft:stone_axe":1,"minecraft:polished_diorite":88,"minecraft:black_wool":5,"minecraft:coal":1183,"minecraft:ender_pearl":1},"minecraft:crafted":{"minecraft:oak_planks":328,"minecraft:dark_oak_boat":1,"minecraft:pink_bed":2,"minecraft:cooked_chicken":3,"minecraft:cooked_mutton":28,"minecraft:iron_boots":3,"minecraft:melon_seeds":7,"minecraft:chest":18,"minecraft:raw_iron_block":16,"minecraft:wooden_shovel":1,"minecraft:cooked_porkchop":14,"minecraft:diamond_axe":1,"minecraft:crafting_table":6,"minecraft:wooden_pickaxe":2,"minecraft:iron_helmet":3,"minecraft:birch_planks":384,"minecraft:pink_wool":6,"minecraft:dark_oak_slab":18,"minecraft:iron_chestplate":3,"minecraft:diamond_pickaxe":2,"minecraft:shield":3,"minecraft:stick":320,"minecraft:iron_ingot":319,"minecraft:iron_pickaxe":15,"minecraft:gold_ingot":105,"minecraft:black_bed":1,"minecraft:polished_andesite":32,"minecraft:coal":99,"minecraft:raw_iron":144,"minecraft:stone_shovel":1,"minecraft:furnace":7,"minecraft:bone_meal":123,"minecraft:pink_dye":14,"minecraft:flint_and_steel":1,"minecraft:polished_diorite":28,"minecraft:iron_axe":4,"minecraft:stone_pickaxe":9,"minecraft:dark_oak_planks":480,"minecraft:cooked_beef":5,"minecraft:coal_block":37,"minecraft:iron_sword":2,"minecraft:cooked_salmon":8,"minecraft:polished_granite":656,"minecraft:bucket":1,"minecraft:stone_axe":4,"minecraft:bread":1,"minecraft:air":0,"minecraft:jungle_planks":204,"minecraft:oak_boat":1,"minecraft:wooden_axe":1,"minecraft:iron_shovel":30,"minecraft:iron_leggings":3,"minecraft:torch":612},"minecraft:killed_by":{"minecraft:zombie":2,"minecraft:skeleton":1},"minecraft:killed":{"minecraft:spider":5,"minecraft:skeleton":18,"minecraft:chicken":3,"minecraft:pig":8,"minecraft:zombie_villager":1,"minecraft:salmon":8,"minecraft:creeper":7,"minecraft:sheep":28,"minecraft:pillager":7,"minecraft:zombie":54,"minecraft:cow":8,"minecraft:endermite":1,"minecraft:enderman":2}},"DataVersion":3955}