{"stats":{"minecraft:killed_by":{"minecraft:creeper":1,"minecraft:zombie":2,"minecraft:skeleton":1},"minecraft:dropped":{"minecraft:iron_sword":3,"minecraft:birch_planks":4,"minecraft:ominous_bottle":1,"minecraft:cooked_beef":2,"minecraft:dark_oak_sapling":6,"minecraft:cooked_porkchop":2,"minecraft:glow_berries":1,"minecraft:black_bed":1,"minecraft:rail":1,"minecraft:dirt":1253,"minecraft:jungle_sapling":4,"minecraft:iron_pickaxe":4,"minecraft:dark_oak_planks":6,"minecraft:white_wool":14,"minecraft:gravel":98,"minecraft:stone_axe":5,"minecraft:pink_bed":5,"minecraft:golden_chestplate":1,"minecraft:cobbled_deepslate":19,"minecraft:pink_dye":8,"minecraft:beetroot":1,"minecraft:rotten_flesh":4,"minecraft:oak_planks":28,"minecraft:cooked_mutton":11,"minecraft:melon_seeds":2,"minecraft:spruce_slab":1,"minecraft:arrow":4,"minecraft:polished_granite":56,"minecraft:egg":1,"minecraft:iron_ingot":64,"minecraft:water_bucket":1,"minecraft:golden_boots":1,"minecraft:bread":37,"minecraft:wheat_seeds":41,"minecraft:golden_helmet":1,"minecraft:cobbled_deepslate_wall":54,"minecraft:iron_helmet":1,"minecraft:feather":2,"minecraft:cobblestone":221,"minecraft:apple":2,"minecraft:granite":1,"minecraft:tropical_fish":1,"minecraft:coal":265,"minecraft:stick":46,"minecraft:diorite":261,"minecraft:torch":33,"minecraft:wooden_axe":1,"minecraft:iron_leggings":1,"minecraft:oak_stairs":7,"minecraft:smooth_stone":12,"minecraft:iron_shovel":19,"minecraft:string":13,"minecraft:polished_diorite":37,"minecraft:furnace":2,"minecraft:stone_sword":1,"minecraft:raw_copper":29,"minecraft:cocoa_beans":45,"minecraft:stone_shovel":2,"minecraft:light_gray_wool":1,"minecraft:clay_ball":2,"minecraft:iron_boots":1,"minecraft:pumpkin_seeds":1,"minecraft:flint_and_steel":1,"minecraft:filled_map":1,"minecraft:stone":292,"minecraft:spruce_planks":11,"minecraft:diamond_pickaxe":2,"minecraft:iron_chestplate":1,"minecraft:andesite":4,"minecraft:pink_wool":6,"minecraft:golden_leggings":1,"minecraft:oak_sapling":2,"minecraft:andesite_stairs":1,"minecraft:spider_eye":2,"minecraft:bamboo":61,"minecraft:stone_pickaxe":10,"minecraft:wooden_pickaxe":2},"minecraft:broken":{"minecraft:iron_shovel":11,"minecraft:wooden_shovel":1,"minecraft:stone_pickaxe":1,"minecraft:golden_hoe":2,"minecraft:shield":2,"minecraft:golden_axe":1,"minecraft:iron_axe":3,"minecraft:iron_pickaxe":16,"minecraft:iron_helmet":1},"minecraft:used":{"minecraft:beetroot":17,"minecraft:iron_shovel":3151,"minecraft:chest":57,"minecraft:shield":138,"minecraft:iron_sword":429,"minecraft:stone":1,"minecraft:rotten_flesh":58,"minecraft:jungle_planks":18,"minecraft:carrot":72,"minecraft:snowball":31,"minecraft:polished_andesite_stairs":241,"minecraft:iron_helmet":1,"minecraft:dark_oak_slab":25,"minecraft:stone_bricks":5,"minecraft:bow":9,"minecraft:dark_oak_boat":8,"minecraft:sweet_berries":53,"minecraft:oak_sapling":2,"minecraft:furnace":29,"minecraft:beetroot_seeds":139,"minecraft:egg":4,"minecraft:potato":66,"minecraft:dark_oak_sapling":23,"minecraft:dark_oak_stairs":15,"minecraft:diorite":6,"minecraft:stone_pickaxe":313,"minecraft:oak_planks":16,"minecraft:ender_pearl":1,"minecraft:wooden_pickaxe":14,"minecraft:sugar_cane":27,"minecraft:diamond_axe":430,"minecraft:golden_hoe":64,"minecraft:sand":7,"minecraft:black_bed":31,"minecraft:dripstone_block":1,"minecraft:pumpkin_seeds":24,"minecraft:dark_oak_log":4,"minecraft:melon_slice":31,"minecraft:bread":59,"minecraft:brown_wool":1,"minecraft:polished_granite":113,"minecraft:gravel":21,"minecraft:lilac":1,"minecraft:andesite":18,"minecraft:oak_boat":3,"minecraft:bone_meal":107,"minecraft:stone_sword":20,"minecraft:flint_and_steel":53,"minecraft:stone_shovel":10,"minecraft:wooden_shovel":59,"minecraft:cooked_salmon":10,"minecraft:cooked_chicken":3,"minecraft:netherrack":2,"minecraft:torch":978,"minecraft:dirt":2447,"minecraft:polished_diorite":525,"minecraft:dark_oak_planks":58,"minecraft:wooden_axe":21,"minecraft:iron_axe":688,"minecraft:melon_seeds":24,"minecraft:bamboo":7,"minecraft:cooked_beef":3,"minecraft:cobbled_deepslate":56,"minecraft:golden_axe":69,"minecraft:cobbled_deepslate_wall":23,"minecraft:wheat_seeds":414,"minecraft:cooked_mutton":34,"minecraft:water_bucket":102,"minecraft:birch_planks":988,"minecraft:polished_andesite":97,"minecraft:stonecutter":2,"minecraft:crafting_table":42,"minecraft:spruce_log":3,"minecraft:oak_log":5,"minecraft:diamond_pickaxe":609,"minecraft:apple":6,"minecraft:iron_pickaxe":4487,"minecraft:pink_bed":28,"minecraft:stone_axe":49,"minecraft:chiseled_stone_bricks":8,"minecraft:cobblestone":307,"minecraft:cooked_porkchop":20,"minecraft:bucket":103,"minecraft:smooth_stone":1096},"minecraft:custom":{"minecraft:interact_with_crafting_table":146,"minecraft:open_barrel":3,"minecraft:leave_game":8,"minecraft:time_since_death":264090,"minecraft:sprint_one_cm":1145809,"minecraft:damage_blocked_by_shield":6861,"minecraft:drop":228,"minecraft:talked_to_villager":1,"minecraft:play_time":894058,"minecraft:deaths":6,"minecraft:jump":13106,"minecraft:walk_on_water_one_cm":148379,"minecraft:interact_with_furnace":406,"minecraft:sleep_in_bed":56,"minecraft:damage_dealt":35548,"minecraft:crouch_one_cm":249113,"minecraft:horse_one_cm":2574,"minecraft:mob_kills":214,"minecraft:climb_one_cm":2539,"minecraft:walk_one_cm":4430893,"minecraft:sneak_time":67912,"minecraft:walk_under_water_one_cm":70755,"minecraft:boat_one_cm":909851,"minecraft:total_world_time":894058,"minecraft:interact_with_stonecutter":11,"minecraft:interact_with_grindstone":1,"minecraft:time_since_rest":9015,"minecraft:damage_taken":9322,"minecraft:swim_one_cm":162113,"minecraft:fly_one_cm":1938727,"minecraft:open_chest":420,"minecraft:fall_one_cm":263746},"minecraft:crafted":{"minecraft:smooth_stone":652,"minecraft:oak_planks":328,"minecraft:dark_oak_boat":2,"minecraft:pink_bed":2,"minecraft:cooked_chicken":3,"minecraft:stone":1414,"minecraft:cooked_mutton":28,"minecraft:iron_boots":3,"minecraft:melon_seeds":22,"minecraft:chest":37,"minecraft:raw_iron_block":34,"minecraft:wooden_shovel":1,"minecraft:cooked_porkchop":14,"minecraft:diamond_axe":1,"minecraft:crafting_table":9,"minecraft:polished_andesite_stairs":10,"minecraft:wooden_pickaxe":2,"minecraft:iron_helmet":4,"minecraft:cobbled_deepslate_wall":72,"minecraft:gold_block":13,"minecraft:birch_planks":1116,"minecraft:pumpkin_seeds":20,"minecraft:dark_oak_slab":30,"minecraft:iron_chestplate":3,"minecraft:diamond_pickaxe":2,"minecraft:pink_wool":6,"minecraft:shield":4,"minecraft:stick":448,"minecraft:iron_ingot":500,"minecraft:iron_pickaxe":22,"minecraft:andesite_stairs":1,"minecraft:iron_block":29,"minecraft:snow_block":4,"minecraft:gold_ingot":116,"minecraft:black_bed":1,"minecraft:polished_andesite":96,"minecraft:coal":742,"minecraft:raw_iron":306,"minecraft:stone_shovel":1,"minecraft:furnace":10,"minecraft:bone_meal":156,"minecraft:pink_dye":14,"minecraft:flint_and_steel":1,"minecraft:polished_diorite":92,"minecraft:iron_axe":4,"minecraft:stone_pickaxe":9,"minecraft:dark_oak_planks":784,"minecraft:cooked_beef":5,"minecraft:coal_block":86,"minecraft:dark_oak_stairs":28,"minecraft:iron_sword":3,"minecraft:cooked_salmon":8,"minecraft:polished_granite":656,"minecraft:bucket":1,"minecraft:stone_axe":4,"minecraft:jungle_planks":204,"minecraft:bread":119,"minecraft:air":0,"minecraft:oak_boat":1,"minecraft:wooden_axe":1,"minecraft:iron_shovel":33,"minecraft:iron_leggings":3,"minecraft:stonecutter":1,"minecraft:torch":1068},"minecraft:picked_up":{"minecraft:iron_chestplate":2,"minecraft:wheat":298,"minecraft:lead":3,"minecraft:oak_stairs":7,"minecraft:string":99,"minecraft:raw_copper":57,"minecraft:cooked_salmon":2,"minecraft:iron_leggings":1,"minecraft:beetroot":62,"minecraft:cobbled_deepslate":136,"minecraft:smooth_stone":289,"minecraft:spruce_planks":11,"minecraft:iron_pickaxe":5,"minecraft:melon_slice":89,"minecraft:iron_boots":1,"minecraft:furnace":24,"minecraft:golden_helmet":1,"minecraft:stick":68,"minecraft:oak_fence":5,"minecraft:torch":265,"minecraft:porkchop":17,"minecraft:golden_axe":1,"minecraft:diorite":367,"minecraft:golden_chestplate":1,"minecraft:stone_sword":1,"minecraft:rotten_flesh":80,"minecraft:tropical_fish":1,"minecraft:obsidian":13,"minecraft:snowball":47,"minecraft:cobblestone":5110,"minecraft:birch_log":279,"minecraft:feather":2,"minecraft:lilac":2,"minecraft:water_bucket":2,"minecraft:andesite":568,"minecraft:jungle_log":51,"minecraft:dark_oak_boat":7,"minecraft:black_bed":33,"minecraft:brown_wool":3,"minecraft:golden_leggings":1,"minecraft:potato":60,"minecraft:flint":23,"minecraft:lapis_lazuli":125,"minecraft:dirt":5680,"minecraft:polished_granite":155,"minecraft:name_tag":3,"minecraft:bone":40,"minecraft:stonecutter":1,"minecraft:bow":1,"minecraft:wheat_seeds":1069,"minecraft:cobbled_deepslate_wall":5,"minecraft:raw_gold":117,"minecraft:bamboo":198,"minecraft:oak_planks":210,"minecraft:cooked_porkchop":8,"minecraft:music_disc_13":2,"minecraft:sand":327,"minecraft:poisonous_potato":1,"minecraft:jungle_planks":221,"minecraft:dark_oak_log":746,"minecraft:polished_andesite":65,"minecraft:diamond":37,"minecraft:granite":677,"minecraft:bone_meal":23,"minecraft:golden_apple":2,"minecraft:bread":69,"minecraft:oak_sapling":11,"minecraft:netherrack":2,"minecraft:diamond_pickaxe":1,"minecraft:cocoa_beans":73,"minecraft:crafting_table":37,"minecraft:azure_bluet":14,"minecraft:ominous_bottle":4,"minecraft:chicken":4,"minecraft:clay_ball":10,"minecraft:pink_wool":6,"minecraft:gold_block":3,"minecraft:shield":2,"minecraft:cornflower":2,"minecraft:iron_axe":1,"minecraft:flint_and_steel":2,"minecraft:iron_shovel":7,"minecraft:beef":14,"minecraft:oak_boat":2,"minecraft:jungle_sapling":9,"minecraft:poppy":6,"minecraft:spruce_slab":1,"minecraft:light_gray_wool":2,"minecraft:sugar_cane":28,"minecraft:chest":24,"minecraft:birch_sapling":26,"minecraft:egg":7,"minecraft:dark_oak_sapling":35,"minecraft:raw_iron":659,"minecraft:stone":223,"minecraft:copper_ingot":84,"minecraft:fire_charge":1,"minecraft:carrot":73,"minecraft:redstone":165,"minecraft:dark_oak_planks":126,"minecraft:arrow":36,"minecraft:stone_shovel":1,"minecraft:beetroot_seeds":151,"minecraft:golden_hoe":1,"minecraft:peony":8,"minecraft:saddle":1,"minecraft:gold_ingot":112,"minecraft:glow_berries":7,"minecraft:mutton":41,"minecraft:rail":128,"minecraft:white_wool":39,"minecraft:oxeye_daisy":8,"minecraft:salmon":8,"minecraft:leather":13,"minecraft:birch_planks":58,"minecraft:oak_log":88,"minecraft:golden_boots":1,"minecraft:gunpowder":7,"minecraft:white_banner":2,"minecraft:cooked_mutton":32,"minecraft:stone_bricks":5,"minecraft:apple":8,"minecraft:iron_ingot":175,"minecraft:stone_pickaxe":2,"minecraft:iron_sword":2,"minecraft:dark_oak_stairs":15,"minecraft:pink_bed":31,"minecraft:polished_andesite_stairs":18,"minecraft:dark_oak_slab":15,"minecraft:pumpkin":5,"minecraft:sweet_berries":53,"minecraft:chiseled_stone_bricks":3,"minecraft:dandelion":44,"minecraft:dripstone_block":1,"minecraft:gravel":239,"minecraft:spruce_sapling":5,"minecraft:spruce_log":19,"minecraft:spider_eye":5,"minecraft:music_disc_mall":1,"minecraft:polished_diorite":212,"minecraft:stone_axe":1,"minecraft:iron_helmet":1,"minecraft:diamond_axe":1,"minecraft:melon_seeds":1,"minecraft:black_wool":5,"minecraft:coal":2133,"minecraft:ender_pearl":2},"minecraft:mined":{"minecraft:dark_oak_planks":58,"minecraft:spruce_planks":15,"minecraft:oak_sapling":1,"minecraft:farmland":4,"minecraft:pink_bed":29,"minecraft:obsidian":1,"minecraft:granite":348,"minecraft:grass_block":1079,"minecraft:jungle_log":30,"minecraft:polished_diorite":141,"minecraft:oxeye_daisy":4,"minecraft:chiseled_stone_bricks":3,"minecraft:smooth_stone":197,"minecraft:iron_ore":508,"minecraft:cobbled_deepslate":10,"minecraft:fire":39,"minecraft:pumpkin":5,"minecraft:deepslate_lapis_ore":12,"minecraft:azure_bluet":7,"minecraft:dark_oak_stairs":15,"minecraft:cave_vines":2,"minecraft:dirt_path":12,"minecraft:oak_stairs":8,"minecraft:spruce_slab":1,"minecraft:deepslate_redstone_ore":15,"minecraft:clay":1,"minecraft:torch":74,"minecraft:poppy":4,"minecraft:melon":11,"minecraft:polished_andesite_stairs":16,"minecraft:chest":24,"minecraft:cobblestone":54,"minecraft:sugar_cane":12,"minecraft:oak_planks":34,"minecraft:wall_torch":14,"minecraft:dark_oak_slab":19,"minecraft:birch_log":262,"minecraft:wheat":292,"minecraft:lilac":1,"minecraft:black_bed":27,"minecraft:oak_log":57,"minecraft:beetroots":58,"minecraft:sand":175,"minecraft:dirt":1481,"minecraft:stonecutter":1,"minecraft:netherrack":2,"minecraft:oak_leaves":16,"minecraft:deepslate":78,"minecraft:dark_oak_leaves":12,"minecraft:deepslate_diamond_ore":37,"minecraft:dark_oak_log":360,"minecraft:jungle_planks":18,"minecraft:spruce_leaves":4,"minecraft:redstone_ore":4,"minecraft:furnace":26,"minecraft:carrots":18,"minecraft:snow":68,"minecraft:andesite":590,"minecraft:peony":7,"minecraft:gold_block":3,"minecraft:potatoes":19,"minecraft:deepslate_iron_ore":79,"minecraft:vine":7,"minecraft:rail":127,"minecraft:bamboo":15,"minecraft:stone":1567,"minecraft:birch_stairs":1,"minecraft:dandelion":22,"minecraft:polished_granite":111,"minecraft:oak_fence":4,"minecraft:crafting_table":37,"minecraft:cobbled_deepslate_wall":9,"minecraft:cornflower":1,"minecraft:short_grass":744,"minecraft:tall_grass":91,"minecraft:copper_ore":9,"minecraft:deepslate_gold_ore":95,"minecraft:diorite":298,"minecraft:birch_planks":59,"minecraft:sweet_berry_bush":23,"minecraft:ice":1,"minecraft:spruce_log":19,"minecraft:birch_leaves":8,"minecraft:coal_ore":1004,"minecraft:gravel":218,"minecraft:cobweb":67,"minecraft:polished_andesite":38,"minecraft:stone_bricks":5,"minecraft:gold_ore":21,"minecraft:fern":9},"minecraft:killed":{"minecraft:cave_spider":8,"minecraft:witch":1,"minecraft:spider":10,"minecraft:skeleton":30,"minecraft:chicken":3,"minecraft:pig":8,"minecraft:zombie_villager":1,"minecraft:salmon":8,"minecraft:creeper":11,"minecraft:sheep":28,"minecraft:pillager":7,"minecraft:zombie":81,"minecraft:cow":8,"minecraft:endermite":1,"minecraft:enderman":5}},"DataVersion":3955}