{"stats":{"minecraft:dropped":{"minecraft:stone_axe":2,"minecraft:pink_dye":8,"minecraft:cooked_porkchop":2,"minecraft:tropical_fish":1,"minecraft:torch":16,"minecraft:iron_chestplate":1,"minecraft:pink_wool":6,"minecraft:stone_pickaxe":3,"minecraft:iron_shovel":6},"minecraft:used":{"minecraft:cooked_mutton":7,"minecraft:stone_pickaxe":202,"minecraft:chest":8,"minecraft:wooden_pickaxe":11,"minecraft:shield":19,"minecraft:cooked_salmon":8,"minecraft:rotten_flesh":15,"minecraft:torch":135,"minecraft:dirt":474,"minecraft:crafting_table":10,"minecraft:apple":3,"minecraft:iron_axe":33,"minecraft:iron_pickaxe":583,"minecraft:stone_axe":29,"minecraft:pink_bed":9,"minecraft:cobblestone":109,"minecraft:dark_oak_boat":3,"minecraft:furnace":7,"minecraft:bone_meal":3,"minecraft:golden_axe":44,"minecraft:dark_oak_sapling":4},"minecraft:crafted":{"minecraft:oak_planks":48,"minecraft:cooked_porkchop":2,"minecraft:dark_oak_boat":1,"minecraft:crafting_table":2,"minecraft:pink_bed":2,"minecraft:wooden_pickaxe":1,"minecraft:furnace":3,"minecraft:cooked_salmon":8,"minecraft:bone_meal":3,"minecraft:stone_axe":3,"minecraft:pink_dye":14,"minecraft:cooked_mutton":11,"minecraft:air":0,"minecraft:iron_chestplate":1,"minecraft:pink_wool":6,"minecraft:shield":1,"minecraft:iron_axe":1,"minecraft:stick":104,"minecraft:iron_ingot":55,"minecraft:iron_pickaxe":3,"minecraft:stone_pickaxe":8,"minecraft:chest":8,"minecraft:iron_shovel":9,"minecraft:dark_oak_planks":148,"minecraft:torch":228},"minecraft:picked_up":{"minecraft:crafting_table":9,"minecraft:clay_ball":4,"minecraft:salmon":8,"minecraft:leather":3,"minecraft:brown_wool":1,"minecraft:dark_oak_boat":2,"minecraft:pink_wool":6,"minecraft:gold_block":1,"minecraft:oak_log":12,"minecraft:string":2,"minecraft:dirt":23,"minecraft:raw_copper":20,"minecraft:bone":4,"minecraft:apple":3,"minecraft:wheat_seeds":12,"minecraft:cobbled_deepslate":7,"minecraft:raw_gold":45,"minecraft:beef":7,"minecraft:iron_ingot":4,"minecraft:light_gray_wool":1,"minecraft:furnace":4,"minecraft:pink_bed":7,"minecraft:raw_iron":191,"minecraft:dark_oak_sapling":4,"minecraft:stick":4,"minecraft:torch":5,"minecraft:diorite":7,"minecraft:redstone":17,"minecraft:dark_oak_log":37,"minecraft:arrow":7,"minecraft:rotten_flesh":6,"minecraft:diamond":1,"minecraft:tropical_fish":1,"minecraft:peony":7,"minecraft:granite":17,"minecraft:mutton":11,"minecraft:coal":367,"minecraft:white_wool":9,"minecraft:cobblestone":326},"minecraft:mined":{"minecraft:pink_bed":6,"minecraft:deepslate_diamond_ore":1,"minecraft:dark_oak_leaves":1,"minecraft:dark_oak_log":37,"minecraft:clay":1,"minecraft:crafting_table":9,"minecraft:granite":17,"minecraft:short_grass":73,"minecraft:grass_block":17,"minecraft:tall_grass":5,"minecraft:copper_ore":6,"minecraft:cobblestone":32,"minecraft:deepslate_gold_ore":36,"minecraft:diorite":9,"minecraft:wall_torch":4,"minecraft:redstone_ore":4,"minecraft:furnace":5,"minecraft:iron_ore":114,"minecraft:birch_leaves":2,"minecraft:gold_block":1,"minecraft:peony":7,"minecraft:oak_log":16,"minecraft:coal_ore":245,"minecraft:deepslate_iron_ore":17,"minecraft:dirt":11,"minecraft:stone":290,"minecraft:deepslate":8,"minecraft:gold_ore":9,"minecraft:oak_leaves":3},"minecraft:killed":{"minecraft:salmon":8,"minecraft:spider":1,"minecraft:sheep":8,"minecraft:skeleton":5,"minecraft:zombie":7,"minecraft:cow":4},"minecraft:broken":{"minecraft:stone_pickaxe":1,"minecraft:iron_pickaxe":2},"minecraft:custom":{"minecraft:interact_with_furnace":44,"minecraft:mob_kills":33,"minecraft:interact_with_crafting_table":27,"minecraft:time_since_death":106572,"minecraft:sleep_in_bed":7,"minecraft:climb_one_cm":0,"minecraft:time_since_rest":3717,"minecraft:sprint_one_cm":184356,"minecraft:damage_taken":1226,"minecraft:walk_one_cm":410735,"minecraft:damage_blocked_by_shield":953,"minecraft:drop":17,"minecraft:damage_dealt":3546,"minecraft:swim_one_cm":26019,"minecraft:fly_one_cm":305979,"minecraft:open_chest":30,"minecraft:crouch_one_cm":29564,"minecraft:play_time":107932,"minecraft:deaths":1,"minecraft:sneak_time":10107,"minecraft:walk_under_water_one_cm":4811,"minecraft:boat_one_cm":137698,"minecraft:jump":2110,"minecraft:walk_on_water_one_cm":13812,"minecraft:total_world_time":107932,"minecraft:fall_one_cm":53772}},"DataVersion":3955}